[2025-12-02 07:55:04] [INFO] NAS Trainer initialized on device: cuda
[2025-12-02 07:55:04] [INFO] Controller parameters: 6,328
[2025-12-02 07:55:04] [INFO] ======================================================================
[2025-12-02 07:55:04] [INFO] STARTING NEURAL ARCHITECTURE SEARCH
[2025-12-02 07:55:04] [INFO] ======================================================================
[2025-12-02 07:55:04] [INFO] 
[2025-12-02 07:55:04] [STEP] SEARCH CONFIGURATION:
[2025-12-02 07:55:04] [INFO]   • Total episodes: 10
[2025-12-02 07:55:04] [INFO]   • Architectures per episode: 16
[2025-12-02 07:55:04] [INFO]   • Total architectures to evaluate: 160
[2025-12-02 07:55:04] [INFO]   • Compute device: cuda
[2025-12-02 07:55:04] [INFO]   • Checkpoint frequency: every 5 episodes
[2025-12-02 07:55:04] [INFO]   • Layers per architecture: 7
[2025-12-02 07:55:04] [INFO]   • Training epochs per child: 20
[2025-12-02 07:55:04] [INFO] 
[2025-12-02 07:55:04] [STEP] PROCESS OVERVIEW:
[2025-12-02 07:55:04] [INFO]   1. Controller (LSTM) generates architecture DNA
[2025-12-02 07:55:04] [INFO]   2. DNA is decoded into a CNN architecture
[2025-12-02 07:55:04] [INFO]   3. Child Network is trained on CIFAR-10
[2025-12-02 07:55:04] [INFO]   4. Validation accuracy becomes the reward
[2025-12-02 07:55:04] [INFO]   5. Controller is updated with REINFORCE
[2025-12-02 07:55:04] [INFO] ======================================================================
[2025-12-02 07:55:04] [INFO] 
[2025-12-02 07:55:04] [STEP] ━━━ EPISODE 1/10 ━━━
[2025-12-02 07:55:04] [INFO] Current depth: 7 layers
[2025-12-02 07:55:04] [INFO] Generating and evaluating 16 architectures...
[2025-12-02 07:55:04] [INFO] 
[2025-12-02 07:55:04] [TRAINING] → Evaluating architecture 1/16
[2025-12-02 07:55:04] [INFO] DNA: [17, 12, 3, 4, 3, 4, 5, 3, 15, 6, 1, 11, 4, 1, 1, 4, 1, 4, 7, 4, 20, 1, 2, 5, 1, 11, 13, 8]
[2025-12-02 07:55:04] [ARCHITECTURE] Child ep1_child1 - Architecture built: 81,298 parameters, 7 conv layers, 0.31 MB
[2025-12-02 08:03:11] [REWARD] Child ep1_child1 - Training completed: Max Val Acc (last 5 epochs) = 0.7576, Reward = 0.434830
[2025-12-02 08:03:11] [INFO] 
[2025-12-02 08:03:11] [SUCCESS] NEW BEST ARCHITECTURE FOUND! Reward: 0.4348
[2025-12-02 08:03:11] [INFO] DNA Architecture:
--------------------------------------------------
Layer 1: K=17x17, F=12, S=3, P=4x4
Layer 2: K=3x3, F=4, S=5, P=3x3
Layer 3: K=15x15, F=6, S=1, P=11x11
Layer 4: K=4x4, F=1, S=1, P=4x4
Layer 5: K=1x1, F=4, S=7, P=4x4
Layer 6: K=20x20, F=1, S=2, P=5x5
Layer 7: K=1x1, F=11, S=13, P=8x8
[2025-12-02 08:03:11] [INFO] This architecture outperforms all previous ones.
[2025-12-02 08:03:11] [SUCCESS] Best architecture saved: checkpoints\nas_demo\best_architecture.json
[2025-12-02 08:03:11] [INFO] 
[2025-12-02 08:03:11] [TRAINING] → Evaluating architecture 2/16
[2025-12-02 08:03:11] [INFO] DNA: [17, 12, 3, 4, 3, 4, 5, 3, 15, 6, 1, 11, 4, 1, 1, 4, 1, 4, 7, 4, 20, 1, 2, 5, 1, 11, 13, 8]
[2025-12-02 08:03:11] [ARCHITECTURE] Child ep1_child2 - Architecture built: 81,298 parameters, 7 conv layers, 0.31 MB
[2025-12-02 08:11:59] [REWARD] Child ep1_child2 - Training completed: Max Val Acc (last 5 epochs) = 0.7632, Reward = 0.444544
[2025-12-02 08:11:59] [INFO] 
[2025-12-02 08:11:59] [SUCCESS] NEW BEST ARCHITECTURE FOUND! Reward: 0.4445
[2025-12-02 08:11:59] [INFO] DNA Architecture:
--------------------------------------------------
Layer 1: K=17x17, F=12, S=3, P=4x4
Layer 2: K=3x3, F=4, S=5, P=3x3
Layer 3: K=15x15, F=6, S=1, P=11x11
Layer 4: K=4x4, F=1, S=1, P=4x4
Layer 5: K=1x1, F=4, S=7, P=4x4
Layer 6: K=20x20, F=1, S=2, P=5x5
Layer 7: K=1x1, F=11, S=13, P=8x8
[2025-12-02 08:11:59] [INFO] This architecture outperforms all previous ones.
[2025-12-02 08:11:59] [SUCCESS] Best architecture saved: checkpoints\nas_demo\best_architecture.json
[2025-12-02 08:11:59] [INFO] 
[2025-12-02 08:11:59] [TRAINING] → Evaluating architecture 3/16
[2025-12-02 08:11:59] [INFO] DNA: [17, 12, 3, 4, 3, 4, 5, 3, 15, 6, 1, 11, 4, 1, 1, 4, 1, 4, 7, 4, 20, 1, 2, 5, 1, 11, 13, 8]
[2025-12-02 08:11:59] [ARCHITECTURE] Child ep1_child3 - Architecture built: 81,298 parameters, 7 conv layers, 0.31 MB
[2025-12-02 08:20:48] [REWARD] Child ep1_child3 - Training completed: Max Val Acc (last 5 epochs) = 0.7458, Reward = 0.414827
[2025-12-02 08:20:48] [INFO] 
[2025-12-02 08:20:48] [TRAINING] → Evaluating architecture 4/16
[2025-12-02 08:20:48] [INFO] DNA: [17, 12, 3, 4, 3, 4, 5, 3, 15, 6, 1, 11, 4, 1, 1, 4, 1, 4, 7, 4, 20, 1, 2, 5, 1, 11, 13, 8]
[2025-12-02 08:20:48] [ARCHITECTURE] Child ep1_child4 - Architecture built: 81,298 parameters, 7 conv layers, 0.31 MB
[2025-12-02 08:29:43] [REWARD] Child ep1_child4 - Training completed: Max Val Acc (last 5 epochs) = 0.8112, Reward = 0.533806
[2025-12-02 08:29:43] [INFO] 
[2025-12-02 08:29:43] [SUCCESS] NEW BEST ARCHITECTURE FOUND! Reward: 0.5338
[2025-12-02 08:29:43] [INFO] DNA Architecture:
--------------------------------------------------
Layer 1: K=17x17, F=12, S=3, P=4x4
Layer 2: K=3x3, F=4, S=5, P=3x3
Layer 3: K=15x15, F=6, S=1, P=11x11
Layer 4: K=4x4, F=1, S=1, P=4x4
Layer 5: K=1x1, F=4, S=7, P=4x4
Layer 6: K=20x20, F=1, S=2, P=5x5
Layer 7: K=1x1, F=11, S=13, P=8x8
[2025-12-02 08:29:43] [INFO] This architecture outperforms all previous ones.
[2025-12-02 08:29:43] [SUCCESS] Best architecture saved: checkpoints\nas_demo\best_architecture.json
[2025-12-02 08:29:43] [INFO] 
[2025-12-02 08:29:43] [TRAINING] → Evaluating architecture 5/16
[2025-12-02 08:29:43] [INFO] DNA: [17, 12, 3, 4, 3, 4, 5, 3, 15, 6, 1, 11, 4, 1, 1, 4, 1, 4, 7, 4, 20, 1, 2, 5, 1, 11, 13, 8]
[2025-12-02 08:29:43] [ARCHITECTURE] Child ep1_child5 - Architecture built: 81,298 parameters, 7 conv layers, 0.31 MB
[2025-12-02 08:38:29] [REWARD] Child ep1_child5 - Training completed: Max Val Acc (last 5 epochs) = 0.8192, Reward = 0.549756
[2025-12-02 08:38:29] [INFO] 
[2025-12-02 08:38:29] [SUCCESS] NEW BEST ARCHITECTURE FOUND! Reward: 0.5498
[2025-12-02 08:38:29] [INFO] DNA Architecture:
--------------------------------------------------
Layer 1: K=17x17, F=12, S=3, P=4x4
Layer 2: K=3x3, F=4, S=5, P=3x3
Layer 3: K=15x15, F=6, S=1, P=11x11
Layer 4: K=4x4, F=1, S=1, P=4x4
Layer 5: K=1x1, F=4, S=7, P=4x4
Layer 6: K=20x20, F=1, S=2, P=5x5
Layer 7: K=1x1, F=11, S=13, P=8x8
[2025-12-02 08:38:29] [INFO] This architecture outperforms all previous ones.
[2025-12-02 08:38:29] [SUCCESS] Best architecture saved: checkpoints\nas_demo\best_architecture.json
[2025-12-02 08:38:29] [INFO] 
[2025-12-02 08:38:29] [TRAINING] → Evaluating architecture 6/16
[2025-12-02 08:38:29] [INFO] DNA: [17, 12, 3, 4, 3, 4, 5, 3, 15, 6, 1, 11, 4, 1, 1, 4, 1, 4, 7, 4, 20, 1, 2, 5, 1, 11, 13, 8]
[2025-12-02 08:38:29] [ARCHITECTURE] Child ep1_child6 - Architecture built: 81,298 parameters, 7 conv layers, 0.31 MB
[2025-12-02 08:47:03] [REWARD] Child ep1_child6 - Training completed: Max Val Acc (last 5 epochs) = 0.7418, Reward = 0.408188
[2025-12-02 08:47:03] [INFO] 
[2025-12-02 08:47:03] [TRAINING] → Evaluating architecture 7/16
[2025-12-02 08:47:03] [INFO] DNA: [17, 12, 3, 4, 3, 4, 5, 3, 15, 6, 1, 11, 4, 1, 1, 4, 1, 4, 7, 4, 20, 1, 2, 5, 1, 11, 13, 8]
[2025-12-02 08:47:03] [ARCHITECTURE] Child ep1_child7 - Architecture built: 81,298 parameters, 7 conv layers, 0.31 MB
[2025-12-02 08:55:46] [REWARD] Child ep1_child7 - Training completed: Max Val Acc (last 5 epochs) = 0.8052, Reward = 0.522049
[2025-12-02 08:55:46] [INFO] 
[2025-12-02 08:55:46] [TRAINING] → Evaluating architecture 8/16
[2025-12-02 08:55:46] [INFO] DNA: [17, 12, 3, 4, 3, 4, 5, 3, 15, 6, 1, 11, 4, 1, 1, 4, 1, 4, 7, 4, 20, 1, 2, 5, 1, 11, 13, 8]
[2025-12-02 08:55:46] [ARCHITECTURE] Child ep1_child8 - Architecture built: 81,298 parameters, 7 conv layers, 0.31 MB
[2025-12-02 09:04:40] [REWARD] Child ep1_child8 - Training completed: Max Val Acc (last 5 epochs) = 0.8146, Reward = 0.540547
[2025-12-02 09:04:40] [INFO] 
[2025-12-02 09:04:40] [TRAINING] → Evaluating architecture 9/16
[2025-12-02 09:04:40] [INFO] DNA: [17, 12, 3, 4, 3, 4, 5, 3, 15, 6, 1, 11, 4, 1, 1, 4, 1, 4, 7, 4, 20, 1, 2, 5, 1, 11, 13, 8]
[2025-12-02 09:04:40] [ARCHITECTURE] Child ep1_child9 - Architecture built: 81,298 parameters, 7 conv layers, 0.31 MB
[2025-12-02 09:13:20] [REWARD] Child ep1_child9 - Training completed: Max Val Acc (last 5 epochs) = 0.7616, Reward = 0.441754
[2025-12-02 09:13:20] [INFO] 
[2025-12-02 09:13:20] [TRAINING] → Evaluating architecture 10/16
[2025-12-02 09:13:20] [INFO] DNA: [17, 12, 3, 4, 3, 4, 5, 3, 15, 6, 1, 11, 4, 1, 1, 4, 1, 4, 7, 4, 20, 1, 2, 5, 1, 11, 13, 8]
[2025-12-02 09:13:20] [ARCHITECTURE] Child ep1_child10 - Architecture built: 81,298 parameters, 7 conv layers, 0.31 MB
[2025-12-02 09:22:10] [REWARD] Child ep1_child10 - Training completed: Max Val Acc (last 5 epochs) = 0.7362, Reward = 0.399013
[2025-12-02 09:22:10] [INFO] 
[2025-12-02 09:22:10] [TRAINING] → Evaluating architecture 11/16
[2025-12-02 09:22:10] [INFO] DNA: [17, 12, 3, 4, 3, 4, 5, 3, 15, 6, 1, 11, 4, 1, 1, 4, 1, 4, 7, 4, 20, 1, 2, 5, 1, 11, 13, 8]
[2025-12-02 09:22:10] [ARCHITECTURE] Child ep1_child11 - Architecture built: 81,298 parameters, 7 conv layers, 0.31 MB
[2025-12-02 09:31:00] [REWARD] Child ep1_child11 - Training completed: Max Val Acc (last 5 epochs) = 0.7644, Reward = 0.446645
[2025-12-02 09:31:00] [INFO] 
[2025-12-02 09:31:00] [TRAINING] → Evaluating architecture 12/16
[2025-12-02 09:31:00] [INFO] DNA: [17, 12, 3, 4, 3, 4, 5, 3, 15, 6, 1, 11, 4, 1, 1, 4, 1, 4, 7, 4, 20, 1, 2, 5, 1, 11, 13, 8]
[2025-12-02 09:31:00] [ARCHITECTURE] Child ep1_child12 - Architecture built: 81,298 parameters, 7 conv layers, 0.31 MB
[2025-12-02 09:39:52] [REWARD] Child ep1_child12 - Training completed: Max Val Acc (last 5 epochs) = 0.8048, Reward = 0.521271
[2025-12-02 09:39:52] [INFO] 
[2025-12-02 09:39:52] [TRAINING] → Evaluating architecture 13/16
[2025-12-02 09:39:52] [INFO] DNA: [17, 12, 3, 4, 3, 4, 5, 3, 15, 6, 1, 11, 4, 1, 1, 4, 1, 4, 7, 4, 20, 1, 2, 5, 1, 11, 13, 8]
[2025-12-02 09:39:52] [ARCHITECTURE] Child ep1_child13 - Architecture built: 81,298 parameters, 7 conv layers, 0.31 MB
[2025-12-02 09:48:39] [REWARD] Child ep1_child13 - Training completed: Max Val Acc (last 5 epochs) = 0.7580, Reward = 0.435520
[2025-12-02 09:48:39] [INFO] 
[2025-12-02 09:48:39] [TRAINING] → Evaluating architecture 14/16
[2025-12-02 09:48:39] [INFO] DNA: [17, 12, 3, 4, 3, 4, 5, 3, 15, 6, 1, 11, 4, 1, 1, 4, 1, 4, 7, 4, 20, 1, 2, 5, 1, 11, 13, 8]
[2025-12-02 09:48:39] [ARCHITECTURE] Child ep1_child14 - Architecture built: 81,298 parameters, 7 conv layers, 0.31 MB
[2025-12-02 09:57:26] [REWARD] Child ep1_child14 - Training completed: Max Val Acc (last 5 epochs) = 0.8182, Reward = 0.547745
[2025-12-02 09:57:26] [INFO] 
[2025-12-02 09:57:26] [TRAINING] → Evaluating architecture 15/16
[2025-12-02 09:57:26] [INFO] DNA: [17, 12, 3, 4, 3, 4, 5, 3, 15, 6, 1, 11, 4, 1, 1, 4, 1, 4, 7, 4, 20, 1, 2, 5, 1, 11, 13, 8]
[2025-12-02 09:57:26] [ARCHITECTURE] Child ep1_child15 - Architecture built: 81,298 parameters, 7 conv layers, 0.31 MB
[2025-12-02 10:06:10] [REWARD] Child ep1_child15 - Training completed: Max Val Acc (last 5 epochs) = 0.7630, Reward = 0.444195
[2025-12-02 10:06:10] [INFO] 
[2025-12-02 10:06:10] [TRAINING] → Evaluating architecture 16/16
[2025-12-02 10:06:10] [INFO] DNA: [17, 12, 3, 4, 3, 4, 5, 3, 15, 6, 1, 11, 4, 1, 1, 4, 1, 4, 7, 4, 20, 1, 2, 5, 1, 11, 13, 8]
[2025-12-02 10:06:10] [ARCHITECTURE] Child ep1_child16 - Architecture built: 81,298 parameters, 7 conv layers, 0.31 MB
[2025-12-02 10:14:49] [REWARD] Child ep1_child16 - Training completed: Max Val Acc (last 5 epochs) = 0.8050, Reward = 0.521660
[2025-12-02 10:14:50] [INFO] 
[2025-12-02 10:14:50] [METRIC] ━━━ EPISODE 1 SUMMARY ━━━
[2025-12-02 10:14:50] [INFO]   • Mean reward: 0.4754 ± 0.0536
[2025-12-02 10:14:50] [INFO]   • Best child this episode: 0.5498
[2025-12-02 10:14:50] [INFO]   • Worst child this episode: 0.3990
[2025-12-02 10:14:50] [INFO]   • Baseline EMA: 0.4754
[2025-12-02 10:14:50] [INFO]   • Global best architecture: 0.5498
[2025-12-02 10:14:50] [INFO]   • Controller learning rate: 0.000600
[2025-12-02 10:14:50] [INFO]   • Mean advantage: 0.0000
[2025-12-02 10:14:50] [INFO] 
  Progress: 1/10 (10.0%)
[2025-12-02 10:14:50] [INFO] 
[2025-12-02 10:14:50] [SUCCESS] LAYER SCHEDULE: Increasing depth to 8 layers (after 16 architectures)
[2025-12-02 10:14:50] [INFO] 
[2025-12-02 10:14:50] [INFO] 
[2025-12-02 10:14:50] [STEP] ━━━ EPISODE 2/10 ━━━
[2025-12-02 10:14:50] [INFO] Current depth: 8 layers
[2025-12-02 10:14:50] [INFO] Generating and evaluating 16 architectures...
[2025-12-02 10:14:50] [INFO] 
[2025-12-02 10:14:50] [TRAINING] → Evaluating architecture 1/16
[2025-12-02 10:14:50] [INFO] DNA: [2, 1, 2, 16, 6, 9, 4, 2, 12, 14, 10, 2, 1, 1, 15, 9, 9, 6, 6, 13, 7, 8, 8, 7, 3, 14, 1, 1, 11, 1, 1, 1]
[2025-12-02 10:14:50] [ARCHITECTURE] Child ep2_child1 - Architecture built: 148,162 parameters, 8 conv layers, 0.57 MB
[2025-12-02 10:25:05] [REWARD] Child ep2_child1 - Training completed: Max Val Acc (last 5 epochs) = 0.8134, Reward = 0.538161
[2025-12-02 10:25:05] [INFO] 
[2025-12-02 10:25:05] [TRAINING] → Evaluating architecture 2/16
[2025-12-02 10:25:05] [INFO] DNA: [2, 1, 2, 16, 6, 9, 4, 2, 12, 14, 10, 2, 1, 1, 15, 9, 9, 6, 6, 13, 7, 8, 8, 7, 3, 14, 1, 1, 11, 1, 1, 1]
[2025-12-02 10:25:05] [ARCHITECTURE] Child ep2_child2 - Architecture built: 148,162 parameters, 8 conv layers, 0.57 MB
[2025-12-02 10:35:20] [REWARD] Child ep2_child2 - Training completed: Max Val Acc (last 5 epochs) = 0.7610, Reward = 0.440711
[2025-12-02 10:35:20] [INFO] 
[2025-12-02 10:35:20] [TRAINING] → Evaluating architecture 3/16
[2025-12-02 10:35:20] [INFO] DNA: [2, 1, 2, 16, 6, 9, 4, 2, 12, 14, 10, 2, 1, 1, 15, 9, 9, 6, 6, 13, 7, 8, 8, 7, 3, 14, 1, 1, 11, 1, 1, 1]
[2025-12-02 10:35:20] [ARCHITECTURE] Child ep2_child3 - Architecture built: 148,162 parameters, 8 conv layers, 0.57 MB
[2025-12-02 10:45:38] [REWARD] Child ep2_child3 - Training completed: Max Val Acc (last 5 epochs) = 0.8210, Reward = 0.553388
[2025-12-02 10:45:38] [INFO] 
[2025-12-02 10:45:38] [SUCCESS] NEW BEST ARCHITECTURE FOUND! Reward: 0.5534
[2025-12-02 10:45:38] [INFO] DNA Architecture:
--------------------------------------------------
Layer 1: K=2x2, F=1, S=2, P=16x16
Layer 2: K=6x6, F=9, S=4, P=2x2
Layer 3: K=12x12, F=14, S=10, P=2x2
Layer 4: K=1x1, F=1, S=15, P=9x9
Layer 5: K=9x9, F=6, S=6, P=13x13
Layer 6: K=7x7, F=8, S=8, P=7x7
Layer 7: K=3x3, F=14, S=1, P=1x1
Layer 8: K=11x11, F=1, S=1, P=1x1
[2025-12-02 10:45:38] [INFO] This architecture outperforms all previous ones.
[2025-12-02 10:45:38] [SUCCESS] Best architecture saved: checkpoints\nas_demo\best_architecture.json
[2025-12-02 10:45:38] [INFO] 
[2025-12-02 10:45:38] [TRAINING] → Evaluating architecture 4/16
[2025-12-02 10:45:38] [INFO] DNA: [2, 1, 2, 16, 6, 9, 4, 2, 12, 14, 10, 2, 1, 1, 15, 9, 9, 6, 6, 13, 7, 8, 8, 7, 3, 14, 1, 1, 11, 1, 1, 1]
[2025-12-02 10:45:38] [ARCHITECTURE] Child ep2_child4 - Architecture built: 148,162 parameters, 8 conv layers, 0.57 MB
[2025-12-02 10:55:50] [REWARD] Child ep2_child4 - Training completed: Max Val Acc (last 5 epochs) = 0.7782, Reward = 0.471274
[2025-12-02 10:55:50] [INFO] 
[2025-12-02 10:55:50] [TRAINING] → Evaluating architecture 5/16
[2025-12-02 10:55:50] [INFO] DNA: [2, 1, 2, 16, 6, 9, 4, 2, 12, 14, 10, 2, 1, 1, 15, 9, 9, 6, 6, 13, 7, 8, 8, 7, 3, 14, 1, 1, 11, 1, 1, 1]
[2025-12-02 10:55:50] [ARCHITECTURE] Child ep2_child5 - Architecture built: 148,162 parameters, 8 conv layers, 0.57 MB
[2025-12-02 11:06:03] [REWARD] Child ep2_child5 - Training completed: Max Val Acc (last 5 epochs) = 0.8150, Reward = 0.541343
[2025-12-02 11:06:03] [INFO] 
[2025-12-02 11:06:03] [TRAINING] → Evaluating architecture 6/16
[2025-12-02 11:06:03] [INFO] DNA: [2, 1, 2, 16, 6, 9, 4, 2, 12, 14, 10, 2, 1, 1, 15, 9, 9, 6, 6, 13, 7, 8, 8, 7, 3, 14, 1, 1, 11, 1, 1, 1]
[2025-12-02 11:06:03] [ARCHITECTURE] Child ep2_child6 - Architecture built: 148,162 parameters, 8 conv layers, 0.57 MB
[2025-12-02 11:16:19] [REWARD] Child ep2_child6 - Training completed: Max Val Acc (last 5 epochs) = 0.8066, Reward = 0.524777
[2025-12-02 11:16:19] [INFO] 
[2025-12-02 11:16:19] [TRAINING] → Evaluating architecture 7/16
[2025-12-02 11:16:19] [INFO] DNA: [2, 1, 2, 16, 6, 9, 4, 2, 12, 14, 10, 2, 1, 1, 15, 9, 9, 6, 6, 13, 7, 8, 8, 7, 3, 14, 1, 1, 11, 1, 1, 1]
[2025-12-02 11:16:19] [ARCHITECTURE] Child ep2_child7 - Architecture built: 148,162 parameters, 8 conv layers, 0.57 MB
[2025-12-02 11:26:34] [REWARD] Child ep2_child7 - Training completed: Max Val Acc (last 5 epochs) = 0.8092, Reward = 0.529868
[2025-12-02 11:26:34] [INFO] 
[2025-12-02 11:26:34] [TRAINING] → Evaluating architecture 8/16
[2025-12-02 11:26:34] [INFO] DNA: [2, 1, 2, 16, 6, 9, 4, 2, 12, 14, 10, 2, 1, 1, 15, 9, 9, 6, 6, 13, 7, 8, 8, 7, 3, 14, 1, 1, 11, 1, 1, 1]
[2025-12-02 11:26:34] [ARCHITECTURE] Child ep2_child8 - Architecture built: 148,162 parameters, 8 conv layers, 0.57 MB
[2025-12-02 11:36:46] [REWARD] Child ep2_child8 - Training completed: Max Val Acc (last 5 epochs) = 0.7550, Reward = 0.430369
[2025-12-02 11:36:46] [INFO] 
[2025-12-02 11:36:46] [TRAINING] → Evaluating architecture 9/16
[2025-12-02 11:36:46] [INFO] DNA: [2, 1, 2, 16, 6, 9, 4, 2, 12, 14, 10, 2, 1, 1, 15, 9, 9, 6, 6, 13, 7, 8, 8, 7, 3, 14, 1, 1, 11, 1, 1, 1]
[2025-12-02 11:36:46] [ARCHITECTURE] Child ep2_child9 - Architecture built: 148,162 parameters, 8 conv layers, 0.57 MB
[2025-12-02 11:47:03] [REWARD] Child ep2_child9 - Training completed: Max Val Acc (last 5 epochs) = 0.8116, Reward = 0.534597
[2025-12-02 11:47:03] [INFO] 
[2025-12-02 11:47:03] [TRAINING] → Evaluating architecture 10/16
[2025-12-02 11:47:03] [INFO] DNA: [2, 1, 2, 16, 6, 9, 4, 2, 12, 14, 10, 2, 1, 1, 15, 9, 9, 6, 6, 13, 7, 8, 8, 7, 3, 14, 1, 1, 11, 1, 1, 1]
[2025-12-02 11:47:03] [ARCHITECTURE] Child ep2_child10 - Architecture built: 148,162 parameters, 8 conv layers, 0.57 MB
[2025-12-02 11:57:22] [REWARD] Child ep2_child10 - Training completed: Max Val Acc (last 5 epochs) = 0.8108, Reward = 0.533017
[2025-12-02 11:57:22] [INFO] 
[2025-12-02 11:57:22] [TRAINING] → Evaluating architecture 11/16
[2025-12-02 11:57:22] [INFO] DNA: [2, 1, 2, 16, 6, 9, 4, 2, 12, 14, 10, 2, 1, 1, 15, 9, 9, 6, 6, 13, 7, 8, 8, 7, 3, 14, 1, 1, 11, 1, 1, 1]
[2025-12-02 11:57:22] [ARCHITECTURE] Child ep2_child11 - Architecture built: 148,162 parameters, 8 conv layers, 0.57 MB
[2025-12-02 12:07:33] [REWARD] Child ep2_child11 - Training completed: Max Val Acc (last 5 epochs) = 0.7500, Reward = 0.421875
[2025-12-02 12:07:33] [INFO] 
[2025-12-02 12:07:33] [TRAINING] → Evaluating architecture 12/16
[2025-12-02 12:07:33] [INFO] DNA: [2, 1, 2, 16, 6, 9, 4, 2, 12, 14, 10, 2, 1, 1, 15, 9, 9, 6, 6, 13, 7, 8, 8, 7, 3, 14, 1, 1, 11, 1, 1, 1]
[2025-12-02 12:07:33] [ARCHITECTURE] Child ep2_child12 - Architecture built: 148,162 parameters, 8 conv layers, 0.57 MB
[2025-12-02 12:17:46] [REWARD] Child ep2_child12 - Training completed: Max Val Acc (last 5 epochs) = 0.8134, Reward = 0.538161
[2025-12-02 12:17:46] [INFO] 
[2025-12-02 12:17:46] [TRAINING] → Evaluating architecture 13/16
[2025-12-02 12:17:46] [INFO] DNA: [2, 1, 2, 16, 6, 9, 4, 2, 12, 14, 10, 2, 1, 1, 15, 9, 9, 6, 6, 13, 7, 8, 8, 7, 3, 14, 1, 1, 11, 1, 1, 1]
[2025-12-02 12:17:46] [ARCHITECTURE] Child ep2_child13 - Architecture built: 148,162 parameters, 8 conv layers, 0.57 MB
[2025-12-02 12:28:03] [REWARD] Child ep2_child13 - Training completed: Max Val Acc (last 5 epochs) = 0.7652, Reward = 0.448048
[2025-12-02 12:28:03] [INFO] 
[2025-12-02 12:28:03] [TRAINING] → Evaluating architecture 14/16
[2025-12-02 12:28:03] [INFO] DNA: [2, 1, 2, 16, 6, 9, 4, 2, 12, 14, 10, 2, 1, 1, 15, 9, 9, 6, 6, 13, 7, 8, 8, 7, 3, 14, 1, 1, 11, 1, 1, 1]
[2025-12-02 12:28:03] [ARCHITECTURE] Child ep2_child14 - Architecture built: 148,162 parameters, 8 conv layers, 0.57 MB
[2025-12-02 12:38:17] [REWARD] Child ep2_child14 - Training completed: Max Val Acc (last 5 epochs) = 0.8202, Reward = 0.551772
[2025-12-02 12:38:17] [INFO] 
[2025-12-02 12:38:17] [TRAINING] → Evaluating architecture 15/16
[2025-12-02 12:38:17] [INFO] DNA: [2, 1, 2, 16, 6, 9, 4, 2, 12, 14, 10, 2, 1, 1, 15, 9, 9, 6, 6, 13, 7, 8, 8, 7, 3, 14, 1, 1, 11, 1, 1, 1]
[2025-12-02 12:38:17] [ARCHITECTURE] Child ep2_child15 - Architecture built: 148,162 parameters, 8 conv layers, 0.57 MB
[2025-12-02 12:48:35] [REWARD] Child ep2_child15 - Training completed: Max Val Acc (last 5 epochs) = 0.7728, Reward = 0.461531
[2025-12-02 12:48:35] [INFO] 
[2025-12-02 12:48:35] [TRAINING] → Evaluating architecture 16/16
[2025-12-02 12:48:35] [INFO] DNA: [2, 1, 2, 16, 6, 9, 4, 2, 12, 14, 10, 2, 1, 1, 15, 9, 9, 6, 6, 13, 7, 8, 8, 7, 3, 14, 1, 1, 11, 1, 1, 1]
[2025-12-02 12:48:35] [ARCHITECTURE] Child ep2_child16 - Architecture built: 148,162 parameters, 8 conv layers, 0.57 MB
[2025-12-02 12:58:43] [REWARD] Child ep2_child16 - Training completed: Max Val Acc (last 5 epochs) = 0.8194, Reward = 0.550159
[2025-12-02 12:58:43] [INFO] 
[2025-12-02 12:58:43] [METRIC] ━━━ EPISODE 2 SUMMARY ━━━
[2025-12-02 12:58:43] [INFO]   • Mean reward: 0.5043 ± 0.0472
[2025-12-02 12:58:43] [INFO]   • Best child this episode: 0.5534
[2025-12-02 12:58:43] [INFO]   • Worst child this episode: 0.4219
[2025-12-02 12:58:43] [INFO]   • Baseline EMA: 0.5043
[2025-12-02 12:58:43] [INFO]   • Global best architecture: 0.5534
[2025-12-02 12:58:43] [INFO]   • Controller learning rate: 0.000600
[2025-12-02 12:58:43] [INFO]   • Mean advantage: -0.0000
[2025-12-02 12:58:43] [INFO] 
  Progress: 2/10 (20.0%)
[2025-12-02 12:58:43] [INFO] 
[2025-12-02 12:58:43] [SUCCESS] LAYER SCHEDULE: Increasing depth to 9 layers (after 32 architectures)
[2025-12-02 12:58:43] [INFO] 
[2025-12-02 12:58:43] [INFO] 
[2025-12-02 12:58:43] [STEP] ━━━ EPISODE 3/10 ━━━
[2025-12-02 12:58:43] [INFO] Current depth: 9 layers
[2025-12-02 12:58:43] [INFO] Generating and evaluating 16 architectures...
[2025-12-02 12:58:43] [INFO] 
[2025-12-02 12:58:43] [TRAINING] → Evaluating architecture 1/16
[2025-12-02 12:58:43] [INFO] DNA: [20, 5, 20, 2, 11, 3, 5, 14, 8, 5, 1, 3, 11, 11, 5, 9, 6, 1, 3, 14, 1, 1, 21, 14, 3, 2, 5, 7, 15, 6, 4, 11, 4, 12, 2, 2]
[2025-12-02 12:58:43] [ARCHITECTURE] Child ep3_child1 - Architecture built: 165,490 parameters, 9 conv layers, 0.63 MB
[2025-12-02 13:09:26] [REWARD] Child ep3_child1 - Training completed: Max Val Acc (last 5 epochs) = 0.7806, Reward = 0.475648
[2025-12-02 13:09:26] [INFO] 
[2025-12-02 13:09:26] [TRAINING] → Evaluating architecture 2/16
[2025-12-02 13:09:26] [INFO] DNA: [20, 5, 20, 2, 11, 3, 5, 14, 8, 5, 1, 3, 11, 11, 5, 9, 6, 1, 3, 14, 1, 1, 21, 14, 3, 2, 5, 7, 15, 6, 4, 11, 4, 12, 2, 2]
[2025-12-02 13:09:26] [ARCHITECTURE] Child ep3_child2 - Architecture built: 165,490 parameters, 9 conv layers, 0.63 MB
[2025-12-02 13:20:17] [REWARD] Child ep3_child2 - Training completed: Max Val Acc (last 5 epochs) = 0.7438, Reward = 0.411499
[2025-12-02 13:20:17] [INFO] 
[2025-12-02 13:20:17] [TRAINING] → Evaluating architecture 3/16
[2025-12-02 13:20:17] [INFO] DNA: [20, 5, 20, 2, 11, 3, 5, 14, 8, 5, 1, 3, 11, 11, 5, 9, 6, 1, 3, 14, 1, 1, 21, 14, 3, 2, 5, 7, 15, 6, 4, 11, 4, 12, 2, 2]
[2025-12-02 13:20:17] [ARCHITECTURE] Child ep3_child3 - Architecture built: 165,490 parameters, 9 conv layers, 0.63 MB
[2025-12-02 13:31:04] [REWARD] Child ep3_child3 - Training completed: Max Val Acc (last 5 epochs) = 0.7594, Reward = 0.437937
[2025-12-02 13:31:04] [INFO] 
[2025-12-02 13:31:04] [TRAINING] → Evaluating architecture 4/16
[2025-12-02 13:31:04] [INFO] DNA: [20, 5, 20, 2, 11, 3, 5, 14, 8, 5, 1, 3, 11, 11, 5, 9, 6, 1, 3, 14, 1, 1, 21, 14, 3, 2, 5, 7, 15, 6, 4, 11, 4, 12, 2, 2]
[2025-12-02 13:31:04] [ARCHITECTURE] Child ep3_child4 - Architecture built: 165,490 parameters, 9 conv layers, 0.63 MB
[2025-12-02 13:41:49] [REWARD] Child ep3_child4 - Training completed: Max Val Acc (last 5 epochs) = 0.7546, Reward = 0.429685
[2025-12-02 13:41:49] [INFO] 
[2025-12-02 13:41:49] [TRAINING] → Evaluating architecture 5/16
[2025-12-02 13:41:49] [INFO] DNA: [20, 5, 20, 2, 11, 3, 5, 14, 8, 5, 1, 3, 11, 11, 5, 9, 6, 1, 3, 14, 1, 1, 21, 14, 3, 2, 5, 7, 15, 6, 4, 11, 4, 12, 2, 2]
[2025-12-02 13:41:49] [ARCHITECTURE] Child ep3_child5 - Architecture built: 165,490 parameters, 9 conv layers, 0.63 MB
[2025-12-02 13:52:31] [REWARD] Child ep3_child5 - Training completed: Max Val Acc (last 5 epochs) = 0.7600, Reward = 0.438976
[2025-12-02 13:52:31] [INFO] 
[2025-12-02 13:52:31] [TRAINING] → Evaluating architecture 6/16
[2025-12-02 13:52:31] [INFO] DNA: [20, 5, 20, 2, 11, 3, 5, 14, 8, 5, 1, 3, 11, 11, 5, 9, 6, 1, 3, 14, 1, 1, 21, 14, 3, 2, 5, 7, 15, 6, 4, 11, 4, 12, 2, 2]
[2025-12-02 13:52:31] [ARCHITECTURE] Child ep3_child6 - Architecture built: 165,490 parameters, 9 conv layers, 0.63 MB
[2025-12-02 14:03:10] [REWARD] Child ep3_child6 - Training completed: Max Val Acc (last 5 epochs) = 0.7512, Reward = 0.423903
[2025-12-02 14:03:10] [INFO] 
[2025-12-02 14:03:10] [TRAINING] → Evaluating architecture 7/16
[2025-12-02 14:03:10] [INFO] DNA: [20, 5, 20, 2, 11, 3, 5, 14, 8, 5, 1, 3, 11, 11, 5, 9, 6, 1, 3, 14, 1, 1, 21, 14, 3, 2, 5, 7, 15, 6, 4, 11, 4, 12, 2, 2]
[2025-12-02 14:03:10] [ARCHITECTURE] Child ep3_child7 - Architecture built: 165,490 parameters, 9 conv layers, 0.63 MB
[2025-12-02 14:13:52] [REWARD] Child ep3_child7 - Training completed: Max Val Acc (last 5 epochs) = 0.8134, Reward = 0.538161
[2025-12-02 14:13:52] [INFO] 
[2025-12-02 14:13:52] [TRAINING] → Evaluating architecture 8/16
[2025-12-02 14:13:52] [INFO] DNA: [20, 5, 20, 2, 11, 3, 5, 14, 8, 5, 1, 3, 11, 11, 5, 9, 6, 1, 3, 14, 1, 1, 21, 14, 3, 2, 5, 7, 15, 6, 4, 11, 4, 12, 2, 2]
[2025-12-02 14:13:52] [ARCHITECTURE] Child ep3_child8 - Architecture built: 165,490 parameters, 9 conv layers, 0.63 MB
[2025-12-02 14:24:36] [REWARD] Child ep3_child8 - Training completed: Max Val Acc (last 5 epochs) = 0.7502, Reward = 0.422213
[2025-12-02 14:24:36] [INFO] 
[2025-12-02 14:24:36] [TRAINING] → Evaluating architecture 9/16
[2025-12-02 14:24:36] [INFO] DNA: [20, 5, 20, 2, 11, 3, 5, 14, 8, 5, 1, 3, 11, 11, 5, 9, 6, 1, 3, 14, 1, 1, 21, 14, 3, 2, 5, 7, 15, 6, 4, 11, 4, 12, 2, 2]
[2025-12-02 14:24:36] [ARCHITECTURE] Child ep3_child9 - Architecture built: 165,490 parameters, 9 conv layers, 0.63 MB
[2025-12-02 14:35:19] [REWARD] Child ep3_child9 - Training completed: Max Val Acc (last 5 epochs) = 0.7564, Reward = 0.432767
[2025-12-02 14:35:19] [INFO] 
[2025-12-02 14:35:19] [TRAINING] → Evaluating architecture 10/16
[2025-12-02 14:35:19] [INFO] DNA: [20, 5, 20, 2, 11, 3, 5, 14, 8, 5, 1, 3, 11, 11, 5, 9, 6, 1, 3, 14, 1, 1, 21, 14, 3, 2, 5, 7, 15, 6, 4, 11, 4, 12, 2, 2]
[2025-12-02 14:35:19] [ARCHITECTURE] Child ep3_child10 - Architecture built: 165,490 parameters, 9 conv layers, 0.63 MB
[2025-12-02 14:46:02] [REWARD] Child ep3_child10 - Training completed: Max Val Acc (last 5 epochs) = 0.7578, Reward = 0.435175
[2025-12-02 14:46:02] [INFO] 
[2025-12-02 14:46:02] [TRAINING] → Evaluating architecture 11/16
[2025-12-02 14:46:02] [INFO] DNA: [20, 5, 20, 2, 11, 3, 5, 14, 8, 5, 1, 3, 11, 11, 5, 9, 6, 1, 3, 14, 1, 1, 21, 14, 3, 2, 5, 7, 15, 6, 4, 11, 4, 12, 2, 2]
[2025-12-02 14:46:02] [ARCHITECTURE] Child ep3_child11 - Architecture built: 165,490 parameters, 9 conv layers, 0.63 MB
[2025-12-02 14:56:41] [REWARD] Child ep3_child11 - Training completed: Max Val Acc (last 5 epochs) = 0.7570, Reward = 0.433798
[2025-12-02 14:56:41] [INFO] 
[2025-12-02 14:56:41] [TRAINING] → Evaluating architecture 12/16
[2025-12-02 14:56:41] [INFO] DNA: [20, 5, 20, 2, 11, 3, 5, 14, 8, 5, 1, 3, 11, 11, 5, 9, 6, 1, 3, 14, 1, 1, 21, 14, 3, 2, 5, 7, 15, 6, 4, 11, 4, 12, 2, 2]
[2025-12-02 14:56:41] [ARCHITECTURE] Child ep3_child12 - Architecture built: 165,490 parameters, 9 conv layers, 0.63 MB
[2025-12-02 15:07:20] [REWARD] Child ep3_child12 - Training completed: Max Val Acc (last 5 epochs) = 0.8000, Reward = 0.512000
[2025-12-02 15:07:20] [INFO] 
[2025-12-02 15:07:20] [TRAINING] → Evaluating architecture 13/16
[2025-12-02 15:07:20] [INFO] DNA: [20, 5, 20, 2, 11, 3, 5, 14, 8, 5, 1, 3, 11, 11, 5, 9, 6, 1, 3, 14, 1, 1, 21, 14, 3, 2, 5, 7, 15, 6, 4, 11, 4, 12, 2, 2]
[2025-12-02 15:07:20] [ARCHITECTURE] Child ep3_child13 - Architecture built: 165,490 parameters, 9 conv layers, 0.63 MB
[2025-12-02 15:18:02] [REWARD] Child ep3_child13 - Training completed: Max Val Acc (last 5 epochs) = 0.7538, Reward = 0.428320
[2025-12-02 15:18:02] [INFO] 
[2025-12-02 15:18:02] [TRAINING] → Evaluating architecture 14/16
[2025-12-02 15:18:02] [INFO] DNA: [20, 5, 20, 2, 11, 3, 5, 14, 8, 5, 1, 3, 11, 11, 5, 9, 6, 1, 3, 14, 1, 1, 21, 14, 3, 2, 5, 7, 15, 6, 4, 11, 4, 12, 2, 2]
[2025-12-02 15:18:02] [ARCHITECTURE] Child ep3_child14 - Architecture built: 165,490 parameters, 9 conv layers, 0.63 MB
[2025-12-02 15:28:40] [REWARD] Child ep3_child14 - Training completed: Max Val Acc (last 5 epochs) = 0.7998, Reward = 0.511616
[2025-12-02 15:28:40] [INFO] 
[2025-12-02 15:28:40] [TRAINING] → Evaluating architecture 15/16
[2025-12-02 15:28:40] [INFO] DNA: [20, 5, 20, 2, 11, 3, 5, 14, 8, 5, 1, 3, 11, 11, 5, 9, 6, 1, 3, 14, 1, 1, 21, 14, 3, 2, 5, 7, 15, 6, 4, 11, 4, 12, 2, 2]
[2025-12-02 15:28:40] [ARCHITECTURE] Child ep3_child15 - Architecture built: 165,490 parameters, 9 conv layers, 0.63 MB
[2025-12-02 15:39:25] [REWARD] Child ep3_child15 - Training completed: Max Val Acc (last 5 epochs) = 0.7722, Reward = 0.460457
[2025-12-02 15:39:25] [INFO] 
[2025-12-02 15:39:25] [TRAINING] → Evaluating architecture 16/16
[2025-12-02 15:39:25] [INFO] DNA: [20, 5, 20, 2, 11, 3, 5, 14, 8, 5, 1, 3, 11, 11, 5, 9, 6, 1, 3, 14, 1, 1, 21, 14, 3, 2, 5, 7, 15, 6, 4, 11, 4, 12, 2, 2]
[2025-12-02 15:39:25] [ARCHITECTURE] Child ep3_child16 - Architecture built: 165,490 parameters, 9 conv layers, 0.63 MB
[2025-12-02 15:50:05] [REWARD] Child ep3_child16 - Training completed: Max Val Acc (last 5 epochs) = 0.7498, Reward = 0.421538
[2025-12-02 15:50:05] [INFO] 
[2025-12-02 15:50:05] [METRIC] ━━━ EPISODE 3 SUMMARY ━━━
[2025-12-02 15:50:05] [INFO]   • Mean reward: 0.4509 ± 0.0369
[2025-12-02 15:50:05] [INFO]   • Best child this episode: 0.5382
[2025-12-02 15:50:05] [INFO]   • Worst child this episode: 0.4115
[2025-12-02 15:50:05] [INFO]   • Baseline EMA: 0.4509
[2025-12-02 15:50:05] [INFO]   • Global best architecture: 0.5534
[2025-12-02 15:50:05] [INFO]   • Controller learning rate: 0.000600
[2025-12-02 15:50:05] [INFO]   • Mean advantage: 0.0000
[2025-12-02 15:50:05] [INFO] 
  Progress: 3/10 (30.0%)
[2025-12-02 15:50:05] [INFO] 
[2025-12-02 15:50:05] [SUCCESS] LAYER SCHEDULE: Increasing depth to 10 layers (after 48 architectures)
[2025-12-02 15:50:05] [INFO] 
[2025-12-02 15:50:05] [INFO] 
[2025-12-02 15:50:05] [STEP] ━━━ EPISODE 4/10 ━━━
[2025-12-02 15:50:05] [INFO] Current depth: 10 layers
[2025-12-02 15:50:05] [INFO] Generating and evaluating 16 architectures...
[2025-12-02 15:50:05] [INFO] 
[2025-12-02 15:50:05] [TRAINING] → Evaluating architecture 1/16
[2025-12-02 15:50:05] [INFO] DNA: [6, 1, 15, 15, 4, 3, 25, 1, 24, 3, 10, 6, 11, 4, 20, 4, 5, 16, 6, 10, 13, 10, 8, 5, 4, 17, 3, 2, 1, 25, 6, 11, 4, 10, 21, 11, 12, 1, 3, 5]
[2025-12-02 15:50:05] [ARCHITECTURE] Child ep4_child1 - Architecture built: 175,956 parameters, 10 conv layers, 0.67 MB
[2025-12-02 16:01:12] [REWARD] Child ep4_child1 - Training completed: Max Val Acc (last 5 epochs) = 0.8070, Reward = 0.525558
[2025-12-02 16:01:12] [INFO] 
[2025-12-02 16:01:12] [TRAINING] → Evaluating architecture 2/16
[2025-12-02 16:01:12] [INFO] DNA: [6, 1, 15, 15, 4, 3, 25, 1, 24, 3, 10, 6, 11, 4, 20, 4, 5, 16, 6, 10, 13, 10, 8, 5, 4, 17, 3, 2, 1, 25, 6, 11, 4, 10, 21, 11, 12, 1, 3, 5]
[2025-12-02 16:01:12] [ARCHITECTURE] Child ep4_child2 - Architecture built: 175,956 parameters, 10 conv layers, 0.67 MB
[2025-12-02 16:12:21] [REWARD] Child ep4_child2 - Training completed: Max Val Acc (last 5 epochs) = 0.8228, Reward = 0.557035
[2025-12-02 16:12:21] [INFO] 
[2025-12-02 16:12:21] [SUCCESS] NEW BEST ARCHITECTURE FOUND! Reward: 0.5570
[2025-12-02 16:12:21] [INFO] DNA Architecture:
--------------------------------------------------
Layer 1: K=6x6, F=1, S=15, P=15x15
Layer 2: K=4x4, F=3, S=25, P=1x1
Layer 3: K=24x24, F=3, S=10, P=6x6
Layer 4: K=11x11, F=4, S=20, P=4x4
Layer 5: K=5x5, F=16, S=6, P=10x10
Layer 6: K=13x13, F=10, S=8, P=5x5
Layer 7: K=4x4, F=17, S=3, P=2x2
Layer 8: K=1x1, F=25, S=6, P=11x11
Layer 9: K=4x4, F=10, S=21, P=11x11
Layer 10: K=12x12, F=1, S=3, P=5x5
[2025-12-02 16:12:21] [INFO] This architecture outperforms all previous ones.
[2025-12-02 16:12:21] [SUCCESS] Best architecture saved: checkpoints\nas_demo\best_architecture.json
[2025-12-02 16:12:21] [INFO] 
[2025-12-02 16:12:21] [TRAINING] → Evaluating architecture 3/16
[2025-12-02 16:12:21] [INFO] DNA: [6, 1, 15, 15, 4, 3, 25, 1, 24, 3, 10, 6, 11, 4, 20, 4, 5, 16, 6, 10, 13, 10, 8, 5, 4, 17, 3, 2, 1, 25, 6, 11, 4, 10, 21, 11, 12, 1, 3, 5]
[2025-12-02 16:12:21] [ARCHITECTURE] Child ep4_child3 - Architecture built: 175,956 parameters, 10 conv layers, 0.67 MB
[2025-12-02 16:23:27] [REWARD] Child ep4_child3 - Training completed: Max Val Acc (last 5 epochs) = 0.7706, Reward = 0.457601
[2025-12-02 16:23:27] [INFO] 
[2025-12-02 16:23:27] [TRAINING] → Evaluating architecture 4/16
[2025-12-02 16:23:27] [INFO] DNA: [6, 1, 15, 15, 4, 3, 25, 1, 24, 3, 10, 6, 11, 4, 20, 4, 5, 16, 6, 10, 13, 10, 8, 5, 4, 17, 3, 2, 1, 25, 6, 11, 4, 10, 21, 11, 12, 1, 3, 5]
[2025-12-02 16:23:27] [ARCHITECTURE] Child ep4_child4 - Architecture built: 175,956 parameters, 10 conv layers, 0.67 MB
[2025-12-02 16:34:35] [REWARD] Child ep4_child4 - Training completed: Max Val Acc (last 5 epochs) = 0.7518, Reward = 0.424920
[2025-12-02 16:34:35] [INFO] 
[2025-12-02 16:34:35] [TRAINING] → Evaluating architecture 5/16
[2025-12-02 16:34:35] [INFO] DNA: [6, 1, 15, 15, 4, 3, 25, 1, 24, 3, 10, 6, 11, 4, 20, 4, 5, 16, 6, 10, 13, 10, 8, 5, 4, 17, 3, 2, 1, 25, 6, 11, 4, 10, 21, 11, 12, 1, 3, 5]
[2025-12-02 16:34:35] [ARCHITECTURE] Child ep4_child5 - Architecture built: 175,956 parameters, 10 conv layers, 0.67 MB
[2025-12-02 16:45:43] [REWARD] Child ep4_child5 - Training completed: Max Val Acc (last 5 epochs) = 0.8218, Reward = 0.555007
[2025-12-02 16:45:43] [INFO] 
[2025-12-02 16:45:43] [TRAINING] → Evaluating architecture 6/16
[2025-12-02 16:45:43] [INFO] DNA: [6, 1, 15, 15, 4, 3, 25, 1, 24, 3, 10, 6, 11, 4, 20, 4, 5, 16, 6, 10, 13, 10, 8, 5, 4, 17, 3, 2, 1, 25, 6, 11, 4, 10, 21, 11, 12, 1, 3, 5]
[2025-12-02 16:45:43] [ARCHITECTURE] Child ep4_child6 - Architecture built: 175,956 parameters, 10 conv layers, 0.67 MB
[2025-12-02 16:56:54] [REWARD] Child ep4_child6 - Training completed: Max Val Acc (last 5 epochs) = 0.7782, Reward = 0.471274
[2025-12-02 16:56:54] [INFO] 
[2025-12-02 16:56:54] [TRAINING] → Evaluating architecture 7/16
[2025-12-02 16:56:54] [INFO] DNA: [6, 1, 15, 15, 4, 3, 25, 1, 24, 3, 10, 6, 11, 4, 20, 4, 5, 16, 6, 10, 13, 10, 8, 5, 4, 17, 3, 2, 1, 25, 6, 11, 4, 10, 21, 11, 12, 1, 3, 5]
[2025-12-02 16:56:54] [ARCHITECTURE] Child ep4_child7 - Architecture built: 175,956 parameters, 10 conv layers, 0.67 MB
[2025-12-02 17:08:00] [REWARD] Child ep4_child7 - Training completed: Max Val Acc (last 5 epochs) = 0.7490, Reward = 0.420190
[2025-12-02 17:08:00] [INFO] 
[2025-12-02 17:08:00] [TRAINING] → Evaluating architecture 8/16
[2025-12-02 17:08:00] [INFO] DNA: [6, 1, 15, 15, 4, 3, 25, 1, 24, 3, 10, 6, 11, 4, 20, 4, 5, 16, 6, 10, 13, 10, 8, 5, 4, 17, 3, 2, 1, 25, 6, 11, 4, 10, 21, 11, 12, 1, 3, 5]
[2025-12-02 17:08:00] [ARCHITECTURE] Child ep4_child8 - Architecture built: 175,956 parameters, 10 conv layers, 0.67 MB
[2025-12-02 17:19:03] [REWARD] Child ep4_child8 - Training completed: Max Val Acc (last 5 epochs) = 0.8198, Reward = 0.550965
[2025-12-02 17:19:03] [INFO] 
[2025-12-02 17:19:03] [TRAINING] → Evaluating architecture 9/16
[2025-12-02 17:19:03] [INFO] DNA: [6, 1, 15, 15, 4, 3, 25, 1, 24, 3, 10, 6, 11, 4, 20, 4, 5, 16, 6, 10, 13, 10, 8, 5, 4, 17, 3, 2, 1, 25, 6, 11, 4, 10, 21, 11, 12, 1, 3, 5]
[2025-12-02 17:19:03] [ARCHITECTURE] Child ep4_child9 - Architecture built: 175,956 parameters, 10 conv layers, 0.67 MB
[2025-12-02 17:30:17] [REWARD] Child ep4_child9 - Training completed: Max Val Acc (last 5 epochs) = 0.7778, Reward = 0.470548
[2025-12-02 17:30:17] [INFO] 
[2025-12-02 17:30:17] [TRAINING] → Evaluating architecture 10/16
[2025-12-02 17:30:17] [INFO] DNA: [6, 1, 15, 15, 4, 3, 25, 1, 24, 3, 10, 6, 11, 4, 20, 4, 5, 16, 6, 10, 13, 10, 8, 5, 4, 17, 3, 2, 1, 25, 6, 11, 4, 10, 21, 11, 12, 1, 3, 5]
[2025-12-02 17:30:17] [ARCHITECTURE] Child ep4_child10 - Architecture built: 175,956 parameters, 10 conv layers, 0.67 MB
[2025-12-02 17:41:29] [REWARD] Child ep4_child10 - Training completed: Max Val Acc (last 5 epochs) = 0.8250, Reward = 0.561516
[2025-12-02 17:41:29] [INFO] 
[2025-12-02 17:41:29] [SUCCESS] NEW BEST ARCHITECTURE FOUND! Reward: 0.5615
[2025-12-02 17:41:29] [INFO] DNA Architecture:
--------------------------------------------------
Layer 1: K=6x6, F=1, S=15, P=15x15
Layer 2: K=4x4, F=3, S=25, P=1x1
Layer 3: K=24x24, F=3, S=10, P=6x6
Layer 4: K=11x11, F=4, S=20, P=4x4
Layer 5: K=5x5, F=16, S=6, P=10x10
Layer 6: K=13x13, F=10, S=8, P=5x5
Layer 7: K=4x4, F=17, S=3, P=2x2
Layer 8: K=1x1, F=25, S=6, P=11x11
Layer 9: K=4x4, F=10, S=21, P=11x11
Layer 10: K=12x12, F=1, S=3, P=5x5
[2025-12-02 17:41:29] [INFO] This architecture outperforms all previous ones.
[2025-12-02 17:41:29] [SUCCESS] Best architecture saved: checkpoints\nas_demo\best_architecture.json
[2025-12-02 17:41:29] [INFO] 
[2025-12-02 17:41:29] [TRAINING] → Evaluating architecture 11/16
[2025-12-02 17:41:29] [INFO] DNA: [6, 1, 15, 15, 4, 3, 25, 1, 24, 3, 10, 6, 11, 4, 20, 4, 5, 16, 6, 10, 13, 10, 8, 5, 4, 17, 3, 2, 1, 25, 6, 11, 4, 10, 21, 11, 12, 1, 3, 5]
[2025-12-02 17:41:29] [ARCHITECTURE] Child ep4_child11 - Architecture built: 175,956 parameters, 10 conv layers, 0.67 MB
[2025-12-02 17:52:41] [REWARD] Child ep4_child11 - Training completed: Max Val Acc (last 5 epochs) = 0.8204, Reward = 0.552175
[2025-12-02 17:52:41] [INFO] 
[2025-12-02 17:52:41] [TRAINING] → Evaluating architecture 12/16
[2025-12-02 17:52:41] [INFO] DNA: [6, 1, 15, 15, 4, 3, 25, 1, 24, 3, 10, 6, 11, 4, 20, 4, 5, 16, 6, 10, 13, 10, 8, 5, 4, 17, 3, 2, 1, 25, 6, 11, 4, 10, 21, 11, 12, 1, 3, 5]
[2025-12-02 17:52:41] [ARCHITECTURE] Child ep4_child12 - Architecture built: 175,956 parameters, 10 conv layers, 0.67 MB
[2025-12-02 18:03:49] [REWARD] Child ep4_child12 - Training completed: Max Val Acc (last 5 epochs) = 0.8238, Reward = 0.559069
[2025-12-02 18:03:49] [INFO] 
[2025-12-02 18:03:49] [TRAINING] → Evaluating architecture 13/16
[2025-12-02 18:03:49] [INFO] DNA: [6, 1, 15, 15, 4, 3, 25, 1, 24, 3, 10, 6, 11, 4, 20, 4, 5, 16, 6, 10, 13, 10, 8, 5, 4, 17, 3, 2, 1, 25, 6, 11, 4, 10, 21, 11, 12, 1, 3, 5]
[2025-12-02 18:03:49] [ARCHITECTURE] Child ep4_child13 - Architecture built: 175,956 parameters, 10 conv layers, 0.67 MB
[2025-12-02 18:14:55] [REWARD] Child ep4_child13 - Training completed: Max Val Acc (last 5 epochs) = 0.7756, Reward = 0.466566
[2025-12-02 18:14:55] [INFO] 
[2025-12-02 18:14:55] [TRAINING] → Evaluating architecture 14/16
[2025-12-02 18:14:55] [INFO] DNA: [6, 1, 15, 15, 4, 3, 25, 1, 24, 3, 10, 6, 11, 4, 20, 4, 5, 16, 6, 10, 13, 10, 8, 5, 4, 17, 3, 2, 1, 25, 6, 11, 4, 10, 21, 11, 12, 1, 3, 5]
[2025-12-02 18:14:55] [ARCHITECTURE] Child ep4_child14 - Architecture built: 175,956 parameters, 10 conv layers, 0.67 MB
[2025-12-02 18:26:01] [REWARD] Child ep4_child14 - Training completed: Max Val Acc (last 5 epochs) = 0.7718, Reward = 0.459742
[2025-12-02 18:26:01] [INFO] 
[2025-12-02 18:26:01] [TRAINING] → Evaluating architecture 15/16
[2025-12-02 18:26:01] [INFO] DNA: [6, 1, 15, 15, 4, 3, 25, 1, 24, 3, 10, 6, 11, 4, 20, 4, 5, 16, 6, 10, 13, 10, 8, 5, 4, 17, 3, 2, 1, 25, 6, 11, 4, 10, 21, 11, 12, 1, 3, 5]
[2025-12-02 18:26:01] [ARCHITECTURE] Child ep4_child15 - Architecture built: 175,956 parameters, 10 conv layers, 0.67 MB
[2025-12-02 18:37:06] [REWARD] Child ep4_child15 - Training completed: Max Val Acc (last 5 epochs) = 0.8124, Reward = 0.536179
[2025-12-02 18:37:06] [INFO] 
[2025-12-02 18:37:06] [TRAINING] → Evaluating architecture 16/16
[2025-12-02 18:37:06] [INFO] DNA: [6, 1, 15, 15, 4, 3, 25, 1, 24, 3, 10, 6, 11, 4, 20, 4, 5, 16, 6, 10, 13, 10, 8, 5, 4, 17, 3, 2, 1, 25, 6, 11, 4, 10, 21, 11, 12, 1, 3, 5]
[2025-12-02 18:37:06] [ARCHITECTURE] Child ep4_child16 - Architecture built: 175,956 parameters, 10 conv layers, 0.67 MB
[2025-12-02 18:48:18] [REWARD] Child ep4_child16 - Training completed: Max Val Acc (last 5 epochs) = 0.8132, Reward = 0.537764
[2025-12-02 18:48:18] [INFO] 
[2025-12-02 18:48:18] [METRIC] ━━━ EPISODE 4 SUMMARY ━━━
[2025-12-02 18:48:18] [INFO]   • Mean reward: 0.5066 ± 0.0499
[2025-12-02 18:48:18] [INFO]   • Best child this episode: 0.5615
[2025-12-02 18:48:18] [INFO]   • Worst child this episode: 0.4202
[2025-12-02 18:48:18] [INFO]   • Baseline EMA: 0.5066
[2025-12-02 18:48:18] [INFO]   • Global best architecture: 0.5615
[2025-12-02 18:48:18] [INFO]   • Controller learning rate: 0.000600
[2025-12-02 18:48:18] [INFO]   • Mean advantage: -0.0000
[2025-12-02 18:48:18] [INFO] 
  Progress: 4/10 (40.0%)
[2025-12-02 18:48:18] [INFO] 
[2025-12-02 18:48:18] [SUCCESS] LAYER SCHEDULE: Increasing depth to 11 layers (after 64 architectures)
[2025-12-02 18:48:18] [INFO] 
[2025-12-02 18:48:18] [INFO] 
[2025-12-02 18:48:18] [STEP] ━━━ EPISODE 5/10 ━━━
[2025-12-02 18:48:18] [INFO] Current depth: 11 layers
[2025-12-02 18:48:18] [INFO] Generating and evaluating 16 architectures...
[2025-12-02 18:48:18] [INFO] 
[2025-12-02 18:48:18] [TRAINING] → Evaluating architecture 1/16
[2025-12-02 18:48:18] [INFO] DNA: [1, 14, 1, 21, 10, 9, 14, 4, 14, 10, 1, 6, 1, 6, 1, 1, 10, 1, 3, 1, 4, 5, 4, 2, 4, 5, 3, 22, 5, 2, 8, 8, 5, 12, 20, 2, 22, 2, 10, 22, 9, 17, 27, 1]
[2025-12-02 18:48:18] [ARCHITECTURE] Child ep5_child1 - Architecture built: 200,146 parameters, 11 conv layers, 0.76 MB
[2025-12-02 19:00:05] [REWARD] Child ep5_child1 - Training completed: Max Val Acc (last 5 epochs) = 0.7512, Reward = 0.423903
[2025-12-02 19:00:05] [INFO] 
[2025-12-02 19:00:05] [TRAINING] → Evaluating architecture 2/16
[2025-12-02 19:00:05] [INFO] DNA: [1, 14, 1, 21, 10, 9, 14, 4, 14, 10, 1, 6, 1, 6, 1, 1, 10, 1, 3, 1, 4, 5, 4, 2, 4, 5, 3, 22, 5, 2, 8, 8, 5, 12, 20, 2, 22, 2, 10, 22, 9, 17, 27, 1]
[2025-12-02 19:00:05] [ARCHITECTURE] Child ep5_child2 - Architecture built: 200,146 parameters, 11 conv layers, 0.76 MB
[2025-12-02 19:11:43] [REWARD] Child ep5_child2 - Training completed: Max Val Acc (last 5 epochs) = 0.8160, Reward = 0.543338
[2025-12-02 19:11:43] [INFO] 
[2025-12-02 19:11:43] [TRAINING] → Evaluating architecture 3/16
[2025-12-02 19:11:43] [INFO] DNA: [1, 14, 1, 21, 10, 9, 14, 4, 14, 10, 1, 6, 1, 6, 1, 1, 10, 1, 3, 1, 4, 5, 4, 2, 4, 5, 3, 22, 5, 2, 8, 8, 5, 12, 20, 2, 22, 2, 10, 22, 9, 17, 27, 1]
[2025-12-02 19:11:43] [ARCHITECTURE] Child ep5_child3 - Architecture built: 200,146 parameters, 11 conv layers, 0.76 MB
[2025-12-02 19:23:22] [REWARD] Child ep5_child3 - Training completed: Max Val Acc (last 5 epochs) = 0.7590, Reward = 0.437245
[2025-12-02 19:23:22] [INFO] 
[2025-12-02 19:23:22] [TRAINING] → Evaluating architecture 4/16
[2025-12-02 19:23:22] [INFO] DNA: [1, 14, 1, 21, 10, 9, 14, 4, 14, 10, 1, 6, 1, 6, 1, 1, 10, 1, 3, 1, 4, 5, 4, 2, 4, 5, 3, 22, 5, 2, 8, 8, 5, 12, 20, 2, 22, 2, 10, 22, 9, 17, 27, 1]
[2025-12-02 19:23:22] [ARCHITECTURE] Child ep5_child4 - Architecture built: 200,146 parameters, 11 conv layers, 0.76 MB
[2025-12-02 19:35:02] [REWARD] Child ep5_child4 - Training completed: Max Val Acc (last 5 epochs) = 0.7694, Reward = 0.455467
[2025-12-02 19:35:02] [INFO] 
[2025-12-02 19:35:02] [TRAINING] → Evaluating architecture 5/16
[2025-12-02 19:35:02] [INFO] DNA: [1, 14, 1, 21, 10, 9, 14, 4, 14, 10, 1, 6, 1, 6, 1, 1, 10, 1, 3, 1, 4, 5, 4, 2, 4, 5, 3, 22, 5, 2, 8, 8, 5, 12, 20, 2, 22, 2, 10, 22, 9, 17, 27, 1]
[2025-12-02 19:35:02] [ARCHITECTURE] Child ep5_child5 - Architecture built: 200,146 parameters, 11 conv layers, 0.76 MB
[2025-12-02 19:46:46] [REWARD] Child ep5_child5 - Training completed: Max Val Acc (last 5 epochs) = 0.7474, Reward = 0.417503
[2025-12-02 19:46:46] [INFO] 
[2025-12-02 19:46:46] [TRAINING] → Evaluating architecture 6/16
[2025-12-02 19:46:46] [INFO] DNA: [1, 14, 1, 21, 10, 9, 14, 4, 14, 10, 1, 6, 1, 6, 1, 1, 10, 1, 3, 1, 4, 5, 4, 2, 4, 5, 3, 22, 5, 2, 8, 8, 5, 12, 20, 2, 22, 2, 10, 22, 9, 17, 27, 1]
[2025-12-02 19:46:46] [ARCHITECTURE] Child ep5_child6 - Architecture built: 200,146 parameters, 11 conv layers, 0.76 MB
[2025-12-02 19:58:30] [REWARD] Child ep5_child6 - Training completed: Max Val Acc (last 5 epochs) = 0.7856, Reward = 0.484847
[2025-12-02 19:58:30] [INFO] 
[2025-12-02 19:58:30] [TRAINING] → Evaluating architecture 7/16
[2025-12-02 19:58:30] [INFO] DNA: [1, 14, 1, 21, 10, 9, 14, 4, 14, 10, 1, 6, 1, 6, 1, 1, 10, 1, 3, 1, 4, 5, 4, 2, 4, 5, 3, 22, 5, 2, 8, 8, 5, 12, 20, 2, 22, 2, 10, 22, 9, 17, 27, 1]
[2025-12-02 19:58:30] [ARCHITECTURE] Child ep5_child7 - Architecture built: 200,146 parameters, 11 conv layers, 0.76 MB
[2025-12-02 20:10:10] [REWARD] Child ep5_child7 - Training completed: Max Val Acc (last 5 epochs) = 0.8124, Reward = 0.536179
[2025-12-02 20:10:10] [INFO] 
[2025-12-02 20:10:10] [TRAINING] → Evaluating architecture 8/16
[2025-12-02 20:10:10] [INFO] DNA: [1, 14, 1, 21, 10, 9, 14, 4, 14, 10, 1, 6, 1, 6, 1, 1, 10, 1, 3, 1, 4, 5, 4, 2, 4, 5, 3, 22, 5, 2, 8, 8, 5, 12, 20, 2, 22, 2, 10, 22, 9, 17, 27, 1]
[2025-12-02 20:10:10] [ARCHITECTURE] Child ep5_child8 - Architecture built: 200,146 parameters, 11 conv layers, 0.76 MB
[2025-12-02 20:21:49] [REWARD] Child ep5_child8 - Training completed: Max Val Acc (last 5 epochs) = 0.7388, Reward = 0.403256
[2025-12-02 20:21:49] [INFO] 
[2025-12-02 20:21:49] [TRAINING] → Evaluating architecture 9/16
[2025-12-02 20:21:49] [INFO] DNA: [1, 14, 1, 21, 10, 9, 14, 4, 14, 10, 1, 6, 1, 6, 1, 1, 10, 1, 3, 1, 4, 5, 4, 2, 4, 5, 3, 22, 5, 2, 8, 8, 5, 12, 20, 2, 22, 2, 10, 22, 9, 17, 27, 1]
[2025-12-02 20:21:49] [ARCHITECTURE] Child ep5_child9 - Architecture built: 200,146 parameters, 11 conv layers, 0.76 MB
[2025-12-02 20:33:20] [REWARD] Child ep5_child9 - Training completed: Max Val Acc (last 5 epochs) = 0.8026, Reward = 0.517008
[2025-12-02 20:33:20] [INFO] 
[2025-12-02 20:33:20] [TRAINING] → Evaluating architecture 10/16
[2025-12-02 20:33:20] [INFO] DNA: [1, 14, 1, 21, 10, 9, 14, 4, 14, 10, 1, 6, 1, 6, 1, 1, 10, 1, 3, 1, 4, 5, 4, 2, 4, 5, 3, 22, 5, 2, 8, 8, 5, 12, 20, 2, 22, 2, 10, 22, 9, 17, 27, 1]
[2025-12-02 20:33:20] [ARCHITECTURE] Child ep5_child10 - Architecture built: 200,146 parameters, 11 conv layers, 0.76 MB
[2025-12-02 20:44:51] [REWARD] Child ep5_child10 - Training completed: Max Val Acc (last 5 epochs) = 0.7992, Reward = 0.510466
[2025-12-02 20:44:51] [INFO] 
[2025-12-02 20:44:51] [TRAINING] → Evaluating architecture 11/16
[2025-12-02 20:44:51] [INFO] DNA: [1, 14, 1, 21, 10, 9, 14, 4, 14, 10, 1, 6, 1, 6, 1, 1, 10, 1, 3, 1, 4, 5, 4, 2, 4, 5, 3, 22, 5, 2, 8, 8, 5, 12, 20, 2, 22, 2, 10, 22, 9, 17, 27, 1]
[2025-12-02 20:44:51] [ARCHITECTURE] Child ep5_child11 - Architecture built: 200,146 parameters, 11 conv layers, 0.76 MB
[2025-12-02 20:56:30] [REWARD] Child ep5_child11 - Training completed: Max Val Acc (last 5 epochs) = 0.7372, Reward = 0.400642
[2025-12-02 20:56:30] [INFO] 
[2025-12-02 20:56:30] [TRAINING] → Evaluating architecture 12/16
[2025-12-02 20:56:30] [INFO] DNA: [1, 14, 1, 21, 10, 9, 14, 4, 14, 10, 1, 6, 1, 6, 1, 1, 10, 1, 3, 1, 4, 5, 4, 2, 4, 5, 3, 22, 5, 2, 8, 8, 5, 12, 20, 2, 22, 2, 10, 22, 9, 17, 27, 1]
[2025-12-02 20:56:30] [ARCHITECTURE] Child ep5_child12 - Architecture built: 200,146 parameters, 11 conv layers, 0.76 MB
[2025-12-02 21:08:12] [REWARD] Child ep5_child12 - Training completed: Max Val Acc (last 5 epochs) = 0.7588, Reward = 0.436900
[2025-12-02 21:08:12] [INFO] 
[2025-12-02 21:08:12] [TRAINING] → Evaluating architecture 13/16
[2025-12-02 21:08:12] [INFO] DNA: [1, 14, 1, 21, 10, 9, 14, 4, 14, 10, 1, 6, 1, 6, 1, 1, 10, 1, 3, 1, 4, 5, 4, 2, 4, 5, 3, 22, 5, 2, 8, 8, 5, 12, 20, 2, 22, 2, 10, 22, 9, 17, 27, 1]
[2025-12-02 21:08:12] [ARCHITECTURE] Child ep5_child13 - Architecture built: 200,146 parameters, 11 conv layers, 0.76 MB
[2025-12-02 21:19:56] [REWARD] Child ep5_child13 - Training completed: Max Val Acc (last 5 epochs) = 0.8260, Reward = 0.563560
[2025-12-02 21:19:56] [INFO] 
[2025-12-02 21:19:56] [SUCCESS] NEW BEST ARCHITECTURE FOUND! Reward: 0.5636
[2025-12-02 21:19:56] [INFO] DNA Architecture:
--------------------------------------------------
Layer 1: K=1x1, F=14, S=1, P=21x21
Layer 2: K=10x10, F=9, S=14, P=4x4
Layer 3: K=14x14, F=10, S=1, P=6x6
Layer 4: K=1x1, F=6, S=1, P=1x1
Layer 5: K=10x10, F=1, S=3, P=1x1
Layer 6: K=4x4, F=5, S=4, P=2x2
Layer 7: K=4x4, F=5, S=3, P=22x22
Layer 8: K=5x5, F=2, S=8, P=8x8
Layer 9: K=5x5, F=12, S=20, P=2x2
Layer 10: K=22x22, F=2, S=10, P=22x22
Layer 11: K=9x9, F=17, S=27, P=1x1
[2025-12-02 21:19:56] [INFO] This architecture outperforms all previous ones.
[2025-12-02 21:19:56] [SUCCESS] Best architecture saved: checkpoints\nas_demo\best_architecture.json
[2025-12-02 21:19:56] [INFO] 
[2025-12-02 21:19:56] [TRAINING] → Evaluating architecture 14/16
[2025-12-02 21:19:56] [INFO] DNA: [1, 14, 1, 21, 10, 9, 14, 4, 14, 10, 1, 6, 1, 6, 1, 1, 10, 1, 3, 1, 4, 5, 4, 2, 4, 5, 3, 22, 5, 2, 8, 8, 5, 12, 20, 2, 22, 2, 10, 22, 9, 17, 27, 1]
[2025-12-02 21:19:56] [ARCHITECTURE] Child ep5_child14 - Architecture built: 200,146 parameters, 11 conv layers, 0.76 MB
[2025-12-02 21:31:32] [REWARD] Child ep5_child14 - Training completed: Max Val Acc (last 5 epochs) = 0.7546, Reward = 0.429685
[2025-12-02 21:31:32] [INFO] 
[2025-12-02 21:31:32] [TRAINING] → Evaluating architecture 15/16
[2025-12-02 21:31:32] [INFO] DNA: [1, 14, 1, 21, 10, 9, 14, 4, 14, 10, 1, 6, 1, 6, 1, 1, 10, 1, 3, 1, 4, 5, 4, 2, 4, 5, 3, 22, 5, 2, 8, 8, 5, 12, 20, 2, 22, 2, 10, 22, 9, 17, 27, 1]
[2025-12-02 21:31:32] [ARCHITECTURE] Child ep5_child15 - Architecture built: 200,146 parameters, 11 conv layers, 0.76 MB
[2025-12-02 21:43:11] [REWARD] Child ep5_child15 - Training completed: Max Val Acc (last 5 epochs) = 0.7684, Reward = 0.453693
[2025-12-02 21:43:11] [INFO] 
[2025-12-02 21:43:11] [TRAINING] → Evaluating architecture 16/16
[2025-12-02 21:43:11] [INFO] DNA: [1, 14, 1, 21, 10, 9, 14, 4, 14, 10, 1, 6, 1, 6, 1, 1, 10, 1, 3, 1, 4, 5, 4, 2, 4, 5, 3, 22, 5, 2, 8, 8, 5, 12, 20, 2, 22, 2, 10, 22, 9, 17, 27, 1]
[2025-12-02 21:43:11] [ARCHITECTURE] Child ep5_child16 - Architecture built: 200,146 parameters, 11 conv layers, 0.76 MB
[2025-12-02 21:54:51] [REWARD] Child ep5_child16 - Training completed: Max Val Acc (last 5 epochs) = 0.8206, Reward = 0.552579
[2025-12-02 21:54:51] [INFO] 
[2025-12-02 21:54:51] [METRIC] ━━━ EPISODE 5 SUMMARY ━━━
[2025-12-02 21:54:51] [INFO]   • Mean reward: 0.4729 ± 0.0546
[2025-12-02 21:54:51] [INFO]   • Best child this episode: 0.5636
[2025-12-02 21:54:51] [INFO]   • Worst child this episode: 0.4006
[2025-12-02 21:54:51] [INFO]   • Baseline EMA: 0.4729
[2025-12-02 21:54:51] [INFO]   • Global best architecture: 0.5636
[2025-12-02 21:54:51] [INFO]   • Controller learning rate: 0.000600
[2025-12-02 21:54:51] [INFO]   • Mean advantage: -0.0000
[2025-12-02 21:54:51] [INFO] 
  Progress: 5/10 (50.0%)
[2025-12-02 21:54:51] [INFO] 
[2025-12-02 21:54:51] [STEP] Saving checkpoint for episode 5...
[2025-12-02 21:54:51] [SUCCESS] Checkpoint saved successfully: checkpoints\nas_demo\nas_episode_5.pth
[2025-12-02 21:54:51] [INFO] 
[2025-12-02 21:54:51] [SUCCESS] LAYER SCHEDULE: Increasing depth to 12 layers (after 80 architectures)
[2025-12-02 21:54:51] [INFO] 
[2025-12-02 21:54:51] [INFO] 
[2025-12-02 21:54:51] [STEP] ━━━ EPISODE 6/10 ━━━
[2025-12-02 21:54:51] [INFO] Current depth: 12 layers
[2025-12-02 21:54:51] [INFO] Generating and evaluating 16 architectures...
[2025-12-02 21:54:51] [INFO] 
[2025-12-02 21:54:51] [TRAINING] → Evaluating architecture 1/16
[2025-12-02 21:54:51] [INFO] DNA: [14, 1, 9, 18, 8, 11, 2, 2, 30, 11, 19, 1, 5, 4, 30, 13, 9, 14, 6, 12, 15, 14, 4, 1, 3, 14, 4, 12, 16, 24, 1, 14, 6, 7, 18, 1, 5, 4, 9, 17, 13, 9, 2, 1, 22, 18, 1, 8]
[2025-12-02 21:54:51] [ARCHITECTURE] Child ep6_child1 - Architecture built: 264,130 parameters, 12 conv layers, 1.01 MB
[2025-12-02 22:07:57] [REWARD] Child ep6_child1 - Training completed: Max Val Acc (last 5 epochs) = 0.8004, Reward = 0.512768
[2025-12-02 22:07:57] [INFO] 
[2025-12-02 22:07:57] [TRAINING] → Evaluating architecture 2/16
[2025-12-02 22:07:57] [INFO] DNA: [14, 1, 9, 18, 8, 11, 2, 2, 30, 11, 19, 1, 5, 4, 30, 13, 9, 14, 6, 12, 15, 14, 4, 1, 3, 14, 4, 12, 16, 24, 1, 14, 6, 7, 18, 1, 5, 4, 9, 17, 13, 9, 2, 1, 22, 18, 1, 8]
[2025-12-02 22:07:57] [ARCHITECTURE] Child ep6_child2 - Architecture built: 264,130 parameters, 12 conv layers, 1.01 MB
[2025-12-02 22:21:09] [REWARD] Child ep6_child2 - Training completed: Max Val Acc (last 5 epochs) = 0.7624, Reward = 0.443148
[2025-12-02 22:21:09] [INFO] 
[2025-12-02 22:21:09] [TRAINING] → Evaluating architecture 3/16
[2025-12-02 22:21:09] [INFO] DNA: [14, 1, 9, 18, 8, 11, 2, 2, 30, 11, 19, 1, 5, 4, 30, 13, 9, 14, 6, 12, 15, 14, 4, 1, 3, 14, 4, 12, 16, 24, 1, 14, 6, 7, 18, 1, 5, 4, 9, 17, 13, 9, 2, 1, 22, 18, 1, 8]
[2025-12-02 22:21:09] [ARCHITECTURE] Child ep6_child3 - Architecture built: 264,130 parameters, 12 conv layers, 1.01 MB
[2025-12-02 22:34:19] [REWARD] Child ep6_child3 - Training completed: Max Val Acc (last 5 epochs) = 0.7666, Reward = 0.450512
[2025-12-02 22:34:19] [INFO] 
[2025-12-02 22:34:19] [TRAINING] → Evaluating architecture 4/16
[2025-12-02 22:34:19] [INFO] DNA: [14, 1, 9, 18, 8, 11, 2, 2, 30, 11, 19, 1, 5, 4, 30, 13, 9, 14, 6, 12, 15, 14, 4, 1, 3, 14, 4, 12, 16, 24, 1, 14, 6, 7, 18, 1, 5, 4, 9, 17, 13, 9, 2, 1, 22, 18, 1, 8]
[2025-12-02 22:34:19] [ARCHITECTURE] Child ep6_child4 - Architecture built: 264,130 parameters, 12 conv layers, 1.01 MB
[2025-12-02 22:47:30] [REWARD] Child ep6_child4 - Training completed: Max Val Acc (last 5 epochs) = 0.7380, Reward = 0.401947
[2025-12-02 22:47:30] [INFO] 
[2025-12-02 22:47:30] [TRAINING] → Evaluating architecture 5/16
[2025-12-02 22:47:30] [INFO] DNA: [14, 1, 9, 18, 8, 11, 2, 2, 30, 11, 19, 1, 5, 4, 30, 13, 9, 14, 6, 12, 15, 14, 4, 1, 3, 14, 4, 12, 16, 24, 1, 14, 6, 7, 18, 1, 5, 4, 9, 17, 13, 9, 2, 1, 22, 18, 1, 8]
[2025-12-02 22:47:30] [ARCHITECTURE] Child ep6_child5 - Architecture built: 264,130 parameters, 12 conv layers, 1.01 MB
[2025-12-02 23:00:42] [REWARD] Child ep6_child5 - Training completed: Max Val Acc (last 5 epochs) = 0.8188, Reward = 0.548951
[2025-12-02 23:00:42] [INFO] 
[2025-12-02 23:00:42] [TRAINING] → Evaluating architecture 6/16
[2025-12-02 23:00:42] [INFO] DNA: [14, 1, 9, 18, 8, 11, 2, 2, 30, 11, 19, 1, 5, 4, 30, 13, 9, 14, 6, 12, 15, 14, 4, 1, 3, 14, 4, 12, 16, 24, 1, 14, 6, 7, 18, 1, 5, 4, 9, 17, 13, 9, 2, 1, 22, 18, 1, 8]
[2025-12-02 23:00:42] [ARCHITECTURE] Child ep6_child6 - Architecture built: 264,130 parameters, 12 conv layers, 1.01 MB
[2025-12-02 23:13:48] [REWARD] Child ep6_child6 - Training completed: Max Val Acc (last 5 epochs) = 0.8140, Reward = 0.539353
[2025-12-02 23:13:48] [INFO] 
[2025-12-02 23:13:48] [TRAINING] → Evaluating architecture 7/16
[2025-12-02 23:13:48] [INFO] DNA: [14, 1, 9, 18, 8, 11, 2, 2, 30, 11, 19, 1, 5, 4, 30, 13, 9, 14, 6, 12, 15, 14, 4, 1, 3, 14, 4, 12, 16, 24, 1, 14, 6, 7, 18, 1, 5, 4, 9, 17, 13, 9, 2, 1, 22, 18, 1, 8]
[2025-12-02 23:13:48] [ARCHITECTURE] Child ep6_child7 - Architecture built: 264,130 parameters, 12 conv layers, 1.01 MB
[2025-12-02 23:26:50] [REWARD] Child ep6_child7 - Training completed: Max Val Acc (last 5 epochs) = 0.7406, Reward = 0.406210
[2025-12-02 23:26:50] [INFO] 
[2025-12-02 23:26:50] [TRAINING] → Evaluating architecture 8/16
[2025-12-02 23:26:50] [INFO] DNA: [14, 1, 9, 18, 8, 11, 2, 2, 30, 11, 19, 1, 5, 4, 30, 13, 9, 14, 6, 12, 15, 14, 4, 1, 3, 14, 4, 12, 16, 24, 1, 14, 6, 7, 18, 1, 5, 4, 9, 17, 13, 9, 2, 1, 22, 18, 1, 8]
[2025-12-02 23:26:50] [ARCHITECTURE] Child ep6_child8 - Architecture built: 264,130 parameters, 12 conv layers, 1.01 MB
[2025-12-02 23:40:04] [REWARD] Child ep6_child8 - Training completed: Max Val Acc (last 5 epochs) = 0.7674, Reward = 0.451924
[2025-12-02 23:40:04] [INFO] 
[2025-12-02 23:40:04] [TRAINING] → Evaluating architecture 9/16
[2025-12-02 23:40:04] [INFO] DNA: [14, 1, 9, 18, 8, 11, 2, 2, 30, 11, 19, 1, 5, 4, 30, 13, 9, 14, 6, 12, 15, 14, 4, 1, 3, 14, 4, 12, 16, 24, 1, 14, 6, 7, 18, 1, 5, 4, 9, 17, 13, 9, 2, 1, 22, 18, 1, 8]
[2025-12-02 23:40:04] [ARCHITECTURE] Child ep6_child9 - Architecture built: 264,130 parameters, 12 conv layers, 1.01 MB
[2025-12-02 23:53:17] [REWARD] Child ep6_child9 - Training completed: Max Val Acc (last 5 epochs) = 0.8110, Reward = 0.533412
[2025-12-02 23:53:17] [INFO] 
[2025-12-02 23:53:17] [TRAINING] → Evaluating architecture 10/16
[2025-12-02 23:53:17] [INFO] DNA: [14, 1, 9, 18, 8, 11, 2, 2, 30, 11, 19, 1, 5, 4, 30, 13, 9, 14, 6, 12, 15, 14, 4, 1, 3, 14, 4, 12, 16, 24, 1, 14, 6, 7, 18, 1, 5, 4, 9, 17, 13, 9, 2, 1, 22, 18, 1, 8]
[2025-12-02 23:53:17] [ARCHITECTURE] Child ep6_child10 - Architecture built: 264,130 parameters, 12 conv layers, 1.01 MB
[2025-12-03 00:06:26] [REWARD] Child ep6_child10 - Training completed: Max Val Acc (last 5 epochs) = 0.7632, Reward = 0.444544
[2025-12-03 00:06:26] [INFO] 
[2025-12-03 00:06:26] [TRAINING] → Evaluating architecture 11/16
[2025-12-03 00:06:26] [INFO] DNA: [14, 1, 9, 18, 8, 11, 2, 2, 30, 11, 19, 1, 5, 4, 30, 13, 9, 14, 6, 12, 15, 14, 4, 1, 3, 14, 4, 12, 16, 24, 1, 14, 6, 7, 18, 1, 5, 4, 9, 17, 13, 9, 2, 1, 22, 18, 1, 8]
[2025-12-03 00:06:26] [ARCHITECTURE] Child ep6_child11 - Architecture built: 264,130 parameters, 12 conv layers, 1.01 MB
[2025-12-03 00:19:36] [REWARD] Child ep6_child11 - Training completed: Max Val Acc (last 5 epochs) = 0.7566, Reward = 0.433111
[2025-12-03 00:19:36] [INFO] 
[2025-12-03 00:19:36] [TRAINING] → Evaluating architecture 12/16
[2025-12-03 00:19:36] [INFO] DNA: [14, 1, 9, 18, 8, 11, 2, 2, 30, 11, 19, 1, 5, 4, 30, 13, 9, 14, 6, 12, 15, 14, 4, 1, 3, 14, 4, 12, 16, 24, 1, 14, 6, 7, 18, 1, 5, 4, 9, 17, 13, 9, 2, 1, 22, 18, 1, 8]
[2025-12-03 00:19:36] [ARCHITECTURE] Child ep6_child12 - Architecture built: 264,130 parameters, 12 conv layers, 1.01 MB
[2025-12-03 00:32:45] [REWARD] Child ep6_child12 - Training completed: Max Val Acc (last 5 epochs) = 0.7572, Reward = 0.434142
[2025-12-03 00:32:45] [INFO] 
[2025-12-03 00:32:45] [TRAINING] → Evaluating architecture 13/16
[2025-12-03 00:32:45] [INFO] DNA: [14, 1, 9, 18, 8, 11, 2, 2, 30, 11, 19, 1, 5, 4, 30, 13, 9, 14, 6, 12, 15, 14, 4, 1, 3, 14, 4, 12, 16, 24, 1, 14, 6, 7, 18, 1, 5, 4, 9, 17, 13, 9, 2, 1, 22, 18, 1, 8]
[2025-12-03 00:32:45] [ARCHITECTURE] Child ep6_child13 - Architecture built: 264,130 parameters, 12 conv layers, 1.01 MB
[2025-12-03 00:45:52] [REWARD] Child ep6_child13 - Training completed: Max Val Acc (last 5 epochs) = 0.8088, Reward = 0.529083
[2025-12-03 00:45:52] [INFO] 
[2025-12-03 00:45:52] [TRAINING] → Evaluating architecture 14/16
[2025-12-03 00:45:52] [INFO] DNA: [14, 1, 9, 18, 8, 11, 2, 2, 30, 11, 19, 1, 5, 4, 30, 13, 9, 14, 6, 12, 15, 14, 4, 1, 3, 14, 4, 12, 16, 24, 1, 14, 6, 7, 18, 1, 5, 4, 9, 17, 13, 9, 2, 1, 22, 18, 1, 8]
[2025-12-03 00:45:52] [ARCHITECTURE] Child ep6_child14 - Architecture built: 264,130 parameters, 12 conv layers, 1.01 MB
[2025-12-03 00:59:04] [REWARD] Child ep6_child14 - Training completed: Max Val Acc (last 5 epochs) = 0.7500, Reward = 0.421875
[2025-12-03 00:59:04] [INFO] 
[2025-12-03 00:59:04] [TRAINING] → Evaluating architecture 15/16
[2025-12-03 00:59:04] [INFO] DNA: [14, 1, 9, 18, 8, 11, 2, 2, 30, 11, 19, 1, 5, 4, 30, 13, 9, 14, 6, 12, 15, 14, 4, 1, 3, 14, 4, 12, 16, 24, 1, 14, 6, 7, 18, 1, 5, 4, 9, 17, 13, 9, 2, 1, 22, 18, 1, 8]
[2025-12-03 00:59:04] [ARCHITECTURE] Child ep6_child15 - Architecture built: 264,130 parameters, 12 conv layers, 1.01 MB
[2025-12-03 01:12:10] [REWARD] Child ep6_child15 - Training completed: Max Val Acc (last 5 epochs) = 0.7244, Reward = 0.380133
[2025-12-03 01:12:10] [INFO] 
[2025-12-03 01:12:10] [TRAINING] → Evaluating architecture 16/16
[2025-12-03 01:12:10] [INFO] DNA: [14, 1, 9, 18, 8, 11, 2, 2, 30, 11, 19, 1, 5, 4, 30, 13, 9, 14, 6, 12, 15, 14, 4, 1, 3, 14, 4, 12, 16, 24, 1, 14, 6, 7, 18, 1, 5, 4, 9, 17, 13, 9, 2, 1, 22, 18, 1, 8]
[2025-12-03 01:12:10] [ARCHITECTURE] Child ep6_child16 - Architecture built: 264,130 parameters, 12 conv layers, 1.01 MB
[2025-12-03 01:25:23] [REWARD] Child ep6_child16 - Training completed: Max Val Acc (last 5 epochs) = 0.7346, Reward = 0.396417
[2025-12-03 01:25:23] [INFO] 
[2025-12-03 01:25:23] [METRIC] ━━━ EPISODE 6 SUMMARY ━━━
[2025-12-03 01:25:23] [INFO]   • Mean reward: 0.4580 ± 0.0544
[2025-12-03 01:25:23] [INFO]   • Best child this episode: 0.5490
[2025-12-03 01:25:23] [INFO]   • Worst child this episode: 0.3801
[2025-12-03 01:25:23] [INFO]   • Baseline EMA: 0.4580
[2025-12-03 01:25:23] [INFO]   • Global best architecture: 0.5636
[2025-12-03 01:25:23] [INFO]   • Controller learning rate: 0.000600
[2025-12-03 01:25:23] [INFO]   • Mean advantage: 0.0000
[2025-12-03 01:25:23] [INFO] 
  Progress: 6/10 (60.0%)
[2025-12-03 01:25:23] [INFO] 
[2025-12-03 01:25:23] [SUCCESS] LAYER SCHEDULE: Increasing depth to 13 layers (after 96 architectures)
[2025-12-03 01:25:23] [INFO] 
[2025-12-03 01:25:23] [INFO] 
[2025-12-03 01:25:23] [STEP] ━━━ EPISODE 7/10 ━━━
[2025-12-03 01:25:23] [INFO] Current depth: 13 layers
[2025-12-03 01:25:23] [INFO] Generating and evaluating 16 architectures...
[2025-12-03 01:25:23] [INFO] 
[2025-12-03 01:25:23] [TRAINING] → Evaluating architecture 1/16
[2025-12-03 01:25:23] [INFO] DNA: [1, 2, 11, 1, 1, 4, 8, 1, 10, 2, 2, 8, 2, 13, 13, 5, 15, 4, 2, 11, 24, 10, 7, 22, 7, 13, 4, 25, 4, 1, 3, 17, 8, 10, 11, 17, 11, 5, 9, 6, 19, 1, 4, 5, 17, 2, 3, 2, 18, 12, 16, 11]
[2025-12-03 01:25:23] [ARCHITECTURE] Child ep7_child1 - Architecture built: 275,122 parameters, 13 conv layers, 1.05 MB
[2025-12-03 01:38:53] [REWARD] Child ep7_child1 - Training completed: Max Val Acc (last 5 epochs) = 0.8358, Reward = 0.583858
[2025-12-03 01:38:53] [INFO] 
[2025-12-03 01:38:53] [SUCCESS] NEW BEST ARCHITECTURE FOUND! Reward: 0.5839
[2025-12-03 01:38:53] [INFO] DNA Architecture:
--------------------------------------------------
Layer 1: K=1x1, F=2, S=11, P=1x1
Layer 2: K=1x1, F=4, S=8, P=1x1
Layer 3: K=10x10, F=2, S=2, P=8x8
Layer 4: K=2x2, F=13, S=13, P=5x5
Layer 5: K=15x15, F=4, S=2, P=11x11
Layer 6: K=24x24, F=10, S=7, P=22x22
Layer 7: K=7x7, F=13, S=4, P=25x25
Layer 8: K=4x4, F=1, S=3, P=17x17
Layer 9: K=8x8, F=10, S=11, P=17x17
Layer 10: K=11x11, F=5, S=9, P=6x6
Layer 11: K=19x19, F=1, S=4, P=5x5
Layer 12: K=17x17, F=2, S=3, P=2x2
Layer 13: K=18x18, F=12, S=16, P=11x11
[2025-12-03 01:38:53] [INFO] This architecture outperforms all previous ones.
[2025-12-03 01:38:53] [SUCCESS] Best architecture saved: checkpoints\nas_demo\best_architecture.json
[2025-12-03 01:38:53] [INFO] 
[2025-12-03 01:38:53] [TRAINING] → Evaluating architecture 2/16
[2025-12-03 01:38:53] [INFO] DNA: [1, 2, 11, 1, 1, 4, 8, 1, 10, 2, 2, 8, 2, 13, 13, 5, 15, 4, 2, 11, 24, 10, 7, 22, 7, 13, 4, 25, 4, 1, 3, 17, 8, 10, 11, 17, 11, 5, 9, 6, 19, 1, 4, 5, 17, 2, 3, 2, 18, 12, 16, 11]
[2025-12-03 01:38:53] [ARCHITECTURE] Child ep7_child2 - Architecture built: 275,122 parameters, 13 conv layers, 1.05 MB
[2025-12-03 01:52:25] [REWARD] Child ep7_child2 - Training completed: Max Val Acc (last 5 epochs) = 0.7648, Reward = 0.447346
[2025-12-03 01:52:25] [INFO] 
[2025-12-03 01:52:25] [TRAINING] → Evaluating architecture 3/16
[2025-12-03 01:52:25] [INFO] DNA: [1, 2, 11, 1, 1, 4, 8, 1, 10, 2, 2, 8, 2, 13, 13, 5, 15, 4, 2, 11, 24, 10, 7, 22, 7, 13, 4, 25, 4, 1, 3, 17, 8, 10, 11, 17, 11, 5, 9, 6, 19, 1, 4, 5, 17, 2, 3, 2, 18, 12, 16, 11]
[2025-12-03 01:52:25] [ARCHITECTURE] Child ep7_child3 - Architecture built: 275,122 parameters, 13 conv layers, 1.05 MB
[2025-12-03 02:05:56] [REWARD] Child ep7_child3 - Training completed: Max Val Acc (last 5 epochs) = 0.7702, Reward = 0.456889
[2025-12-03 02:05:56] [INFO] 
[2025-12-03 02:05:56] [TRAINING] → Evaluating architecture 4/16
[2025-12-03 02:05:56] [INFO] DNA: [1, 2, 11, 1, 1, 4, 8, 1, 10, 2, 2, 8, 2, 13, 13, 5, 15, 4, 2, 11, 24, 10, 7, 22, 7, 13, 4, 25, 4, 1, 3, 17, 8, 10, 11, 17, 11, 5, 9, 6, 19, 1, 4, 5, 17, 2, 3, 2, 18, 12, 16, 11]
[2025-12-03 02:05:56] [ARCHITECTURE] Child ep7_child4 - Architecture built: 275,122 parameters, 13 conv layers, 1.05 MB
[2025-12-03 02:19:27] [REWARD] Child ep7_child4 - Training completed: Max Val Acc (last 5 epochs) = 0.7754, Reward = 0.466205
[2025-12-03 02:19:27] [INFO] 
[2025-12-03 02:19:27] [TRAINING] → Evaluating architecture 5/16
[2025-12-03 02:19:27] [INFO] DNA: [1, 2, 11, 1, 1, 4, 8, 1, 10, 2, 2, 8, 2, 13, 13, 5, 15, 4, 2, 11, 24, 10, 7, 22, 7, 13, 4, 25, 4, 1, 3, 17, 8, 10, 11, 17, 11, 5, 9, 6, 19, 1, 4, 5, 17, 2, 3, 2, 18, 12, 16, 11]
[2025-12-03 02:19:27] [ARCHITECTURE] Child ep7_child5 - Architecture built: 275,122 parameters, 13 conv layers, 1.05 MB
[2025-12-03 02:32:58] [REWARD] Child ep7_child5 - Training completed: Max Val Acc (last 5 epochs) = 0.8266, Reward = 0.564789
[2025-12-03 02:32:58] [INFO] 
[2025-12-03 02:32:58] [TRAINING] → Evaluating architecture 6/16
[2025-12-03 02:32:58] [INFO] DNA: [1, 2, 11, 1, 1, 4, 8, 1, 10, 2, 2, 8, 2, 13, 13, 5, 15, 4, 2, 11, 24, 10, 7, 22, 7, 13, 4, 25, 4, 1, 3, 17, 8, 10, 11, 17, 11, 5, 9, 6, 19, 1, 4, 5, 17, 2, 3, 2, 18, 12, 16, 11]
[2025-12-03 02:32:58] [ARCHITECTURE] Child ep7_child6 - Architecture built: 275,122 parameters, 13 conv layers, 1.05 MB
[2025-12-03 02:46:29] [REWARD] Child ep7_child6 - Training completed: Max Val Acc (last 5 epochs) = 0.7670, Reward = 0.451218
[2025-12-03 02:46:29] [INFO] 
[2025-12-03 02:46:29] [TRAINING] → Evaluating architecture 7/16
[2025-12-03 02:46:29] [INFO] DNA: [1, 2, 11, 1, 1, 4, 8, 1, 10, 2, 2, 8, 2, 13, 13, 5, 15, 4, 2, 11, 24, 10, 7, 22, 7, 13, 4, 25, 4, 1, 3, 17, 8, 10, 11, 17, 11, 5, 9, 6, 19, 1, 4, 5, 17, 2, 3, 2, 18, 12, 16, 11]
[2025-12-03 02:46:29] [ARCHITECTURE] Child ep7_child7 - Architecture built: 275,122 parameters, 13 conv layers, 1.05 MB
[2025-12-03 02:59:54] [REWARD] Child ep7_child7 - Training completed: Max Val Acc (last 5 epochs) = 0.7510, Reward = 0.423565
[2025-12-03 02:59:54] [INFO] 
[2025-12-03 02:59:54] [TRAINING] → Evaluating architecture 8/16
[2025-12-03 02:59:54] [INFO] DNA: [1, 2, 11, 1, 1, 4, 8, 1, 10, 2, 2, 8, 2, 13, 13, 5, 15, 4, 2, 11, 24, 10, 7, 22, 7, 13, 4, 25, 4, 1, 3, 17, 8, 10, 11, 17, 11, 5, 9, 6, 19, 1, 4, 5, 17, 2, 3, 2, 18, 12, 16, 11]
[2025-12-03 02:59:54] [ARCHITECTURE] Child ep7_child8 - Architecture built: 275,122 parameters, 13 conv layers, 1.05 MB
[2025-12-03 03:13:26] [REWARD] Child ep7_child8 - Training completed: Max Val Acc (last 5 epochs) = 0.7850, Reward = 0.483737
[2025-12-03 03:13:26] [INFO] 
[2025-12-03 03:13:26] [TRAINING] → Evaluating architecture 9/16
[2025-12-03 03:13:26] [INFO] DNA: [1, 2, 11, 1, 1, 4, 8, 1, 10, 2, 2, 8, 2, 13, 13, 5, 15, 4, 2, 11, 24, 10, 7, 22, 7, 13, 4, 25, 4, 1, 3, 17, 8, 10, 11, 17, 11, 5, 9, 6, 19, 1, 4, 5, 17, 2, 3, 2, 18, 12, 16, 11]
[2025-12-03 03:13:26] [ARCHITECTURE] Child ep7_child9 - Architecture built: 275,122 parameters, 13 conv layers, 1.05 MB
[2025-12-03 03:26:55] [REWARD] Child ep7_child9 - Training completed: Max Val Acc (last 5 epochs) = 0.8456, Reward = 0.604637
[2025-12-03 03:26:55] [INFO] 
[2025-12-03 03:26:55] [SUCCESS] NEW BEST ARCHITECTURE FOUND! Reward: 0.6046
[2025-12-03 03:26:55] [INFO] DNA Architecture:
--------------------------------------------------
Layer 1: K=1x1, F=2, S=11, P=1x1
Layer 2: K=1x1, F=4, S=8, P=1x1
Layer 3: K=10x10, F=2, S=2, P=8x8
Layer 4: K=2x2, F=13, S=13, P=5x5
Layer 5: K=15x15, F=4, S=2, P=11x11
Layer 6: K=24x24, F=10, S=7, P=22x22
Layer 7: K=7x7, F=13, S=4, P=25x25
Layer 8: K=4x4, F=1, S=3, P=17x17
Layer 9: K=8x8, F=10, S=11, P=17x17
Layer 10: K=11x11, F=5, S=9, P=6x6
Layer 11: K=19x19, F=1, S=4, P=5x5
Layer 12: K=17x17, F=2, S=3, P=2x2
Layer 13: K=18x18, F=12, S=16, P=11x11
[2025-12-03 03:26:55] [INFO] This architecture outperforms all previous ones.
[2025-12-03 03:26:55] [SUCCESS] Best architecture saved: checkpoints\nas_demo\best_architecture.json
[2025-12-03 03:26:55] [INFO] 
[2025-12-03 03:26:55] [TRAINING] → Evaluating architecture 10/16
[2025-12-03 03:26:55] [INFO] DNA: [1, 2, 11, 1, 1, 4, 8, 1, 10, 2, 2, 8, 2, 13, 13, 5, 15, 4, 2, 11, 24, 10, 7, 22, 7, 13, 4, 25, 4, 1, 3, 17, 8, 10, 11, 17, 11, 5, 9, 6, 19, 1, 4, 5, 17, 2, 3, 2, 18, 12, 16, 11]
[2025-12-03 03:26:55] [ARCHITECTURE] Child ep7_child10 - Architecture built: 275,122 parameters, 13 conv layers, 1.05 MB
[2025-12-03 03:40:24] [REWARD] Child ep7_child10 - Training completed: Max Val Acc (last 5 epochs) = 0.7750, Reward = 0.465484
[2025-12-03 03:40:24] [INFO] 
[2025-12-03 03:40:24] [TRAINING] → Evaluating architecture 11/16
[2025-12-03 03:40:24] [INFO] DNA: [1, 2, 11, 1, 1, 4, 8, 1, 10, 2, 2, 8, 2, 13, 13, 5, 15, 4, 2, 11, 24, 10, 7, 22, 7, 13, 4, 25, 4, 1, 3, 17, 8, 10, 11, 17, 11, 5, 9, 6, 19, 1, 4, 5, 17, 2, 3, 2, 18, 12, 16, 11]
[2025-12-03 03:40:24] [ARCHITECTURE] Child ep7_child11 - Architecture built: 275,122 parameters, 13 conv layers, 1.05 MB
[2025-12-03 03:53:50] [REWARD] Child ep7_child11 - Training completed: Max Val Acc (last 5 epochs) = 0.7802, Reward = 0.474917
[2025-12-03 03:53:50] [INFO] 
[2025-12-03 03:53:50] [TRAINING] → Evaluating architecture 12/16
[2025-12-03 03:53:50] [INFO] DNA: [1, 2, 11, 1, 1, 4, 8, 1, 10, 2, 2, 8, 2, 13, 13, 5, 15, 4, 2, 11, 24, 10, 7, 22, 7, 13, 4, 25, 4, 1, 3, 17, 8, 10, 11, 17, 11, 5, 9, 6, 19, 1, 4, 5, 17, 2, 3, 2, 18, 12, 16, 11]
[2025-12-03 03:53:50] [ARCHITECTURE] Child ep7_child12 - Architecture built: 275,122 parameters, 13 conv layers, 1.05 MB
[2025-12-03 04:07:18] [REWARD] Child ep7_child12 - Training completed: Max Val Acc (last 5 epochs) = 0.7564, Reward = 0.432767
[2025-12-03 04:07:18] [INFO] 
[2025-12-03 04:07:18] [TRAINING] → Evaluating architecture 13/16
[2025-12-03 04:07:18] [INFO] DNA: [1, 2, 11, 1, 1, 4, 8, 1, 10, 2, 2, 8, 2, 13, 13, 5, 15, 4, 2, 11, 24, 10, 7, 22, 7, 13, 4, 25, 4, 1, 3, 17, 8, 10, 11, 17, 11, 5, 9, 6, 19, 1, 4, 5, 17, 2, 3, 2, 18, 12, 16, 11]
[2025-12-03 04:07:18] [ARCHITECTURE] Child ep7_child13 - Architecture built: 275,122 parameters, 13 conv layers, 1.05 MB
[2025-12-03 04:20:48] [REWARD] Child ep7_child13 - Training completed: Max Val Acc (last 5 epochs) = 0.7706, Reward = 0.457601
[2025-12-03 04:20:48] [INFO] 
[2025-12-03 04:20:48] [TRAINING] → Evaluating architecture 14/16
[2025-12-03 04:20:48] [INFO] DNA: [1, 2, 11, 1, 1, 4, 8, 1, 10, 2, 2, 8, 2, 13, 13, 5, 15, 4, 2, 11, 24, 10, 7, 22, 7, 13, 4, 25, 4, 1, 3, 17, 8, 10, 11, 17, 11, 5, 9, 6, 19, 1, 4, 5, 17, 2, 3, 2, 18, 12, 16, 11]
[2025-12-03 04:20:48] [ARCHITECTURE] Child ep7_child14 - Architecture built: 275,122 parameters, 13 conv layers, 1.05 MB
[2025-12-03 04:34:13] [REWARD] Child ep7_child14 - Training completed: Max Val Acc (last 5 epochs) = 0.7672, Reward = 0.451571
[2025-12-03 04:34:13] [INFO] 
[2025-12-03 04:34:13] [TRAINING] → Evaluating architecture 15/16
[2025-12-03 04:34:13] [INFO] DNA: [1, 2, 11, 1, 1, 4, 8, 1, 10, 2, 2, 8, 2, 13, 13, 5, 15, 4, 2, 11, 24, 10, 7, 22, 7, 13, 4, 25, 4, 1, 3, 17, 8, 10, 11, 17, 11, 5, 9, 6, 19, 1, 4, 5, 17, 2, 3, 2, 18, 12, 16, 11]
[2025-12-03 04:34:13] [ARCHITECTURE] Child ep7_child15 - Architecture built: 275,122 parameters, 13 conv layers, 1.05 MB
[2025-12-03 04:47:45] [REWARD] Child ep7_child15 - Training completed: Max Val Acc (last 5 epochs) = 0.7986, Reward = 0.509317
[2025-12-03 04:47:45] [INFO] 
[2025-12-03 04:47:45] [TRAINING] → Evaluating architecture 16/16
[2025-12-03 04:47:45] [INFO] DNA: [1, 2, 11, 1, 1, 4, 8, 1, 10, 2, 2, 8, 2, 13, 13, 5, 15, 4, 2, 11, 24, 10, 7, 22, 7, 13, 4, 25, 4, 1, 3, 17, 8, 10, 11, 17, 11, 5, 9, 6, 19, 1, 4, 5, 17, 2, 3, 2, 18, 12, 16, 11]
[2025-12-03 04:47:45] [ARCHITECTURE] Child ep7_child16 - Architecture built: 275,122 parameters, 13 conv layers, 1.05 MB
[2025-12-03 05:01:17] [REWARD] Child ep7_child16 - Training completed: Max Val Acc (last 5 epochs) = 0.7988, Reward = 0.509699
[2025-12-03 05:01:17] [INFO] 
[2025-12-03 05:01:17] [METRIC] ━━━ EPISODE 7 SUMMARY ━━━
[2025-12-03 05:01:17] [INFO]   • Mean reward: 0.4865 ± 0.0525
[2025-12-03 05:01:17] [INFO]   • Best child this episode: 0.6046
[2025-12-03 05:01:17] [INFO]   • Worst child this episode: 0.4236
[2025-12-03 05:01:17] [INFO]   • Baseline EMA: 0.4865
[2025-12-03 05:01:17] [INFO]   • Global best architecture: 0.6046
[2025-12-03 05:01:17] [INFO]   • Controller learning rate: 0.000600
[2025-12-03 05:01:17] [INFO]   • Mean advantage: 0.0000
[2025-12-03 05:01:17] [INFO] 
  Progress: 7/10 (70.0%)
[2025-12-03 05:01:17] [INFO] 
[2025-12-03 05:01:17] [SUCCESS] LAYER SCHEDULE: Increasing depth to 14 layers (after 112 architectures)
[2025-12-03 05:01:17] [INFO] 
[2025-12-03 05:01:17] [INFO] 
[2025-12-03 05:01:17] [STEP] ━━━ EPISODE 8/10 ━━━
[2025-12-03 05:01:17] [INFO] Current depth: 14 layers
[2025-12-03 05:01:17] [INFO] Generating and evaluating 16 architectures...
[2025-12-03 05:01:17] [INFO] 
[2025-12-03 05:01:17] [TRAINING] → Evaluating architecture 1/16
[2025-12-03 05:01:17] [INFO] DNA: [9, 14, 11, 8, 1, 4, 14, 3, 15, 15, 3, 6, 4, 4, 5, 2, 2, 13, 16, 12, 6, 6, 2, 1, 6, 8, 1, 16, 2, 6, 11, 14, 24, 5, 7, 4, 20, 3, 2, 15, 3, 9, 8, 10, 12, 5, 13, 8, 6, 21, 8, 20, 3, 4, 4, 8]
[2025-12-03 05:01:17] [ARCHITECTURE] Child ep8_child1 - Architecture built: 237,730 parameters, 14 conv layers, 0.91 MB
[2025-12-03 05:14:00] [REWARD] Child ep8_child1 - Training completed: Max Val Acc (last 5 epochs) = 0.7684, Reward = 0.453693
[2025-12-03 05:14:00] [INFO] 
[2025-12-03 05:14:00] [TRAINING] → Evaluating architecture 2/16
[2025-12-03 05:14:00] [INFO] DNA: [9, 14, 11, 8, 1, 4, 14, 3, 15, 15, 3, 6, 4, 4, 5, 2, 2, 13, 16, 12, 6, 6, 2, 1, 6, 8, 1, 16, 2, 6, 11, 14, 24, 5, 7, 4, 20, 3, 2, 15, 3, 9, 8, 10, 12, 5, 13, 8, 6, 21, 8, 20, 3, 4, 4, 8]
[2025-12-03 05:14:00] [ARCHITECTURE] Child ep8_child2 - Architecture built: 237,730 parameters, 14 conv layers, 0.91 MB
[2025-12-03 05:26:41] [REWARD] Child ep8_child2 - Training completed: Max Val Acc (last 5 epochs) = 0.8080, Reward = 0.527514
[2025-12-03 05:26:41] [INFO] 
[2025-12-03 05:26:41] [TRAINING] → Evaluating architecture 3/16
[2025-12-03 05:26:41] [INFO] DNA: [9, 14, 11, 8, 1, 4, 14, 3, 15, 15, 3, 6, 4, 4, 5, 2, 2, 13, 16, 12, 6, 6, 2, 1, 6, 8, 1, 16, 2, 6, 11, 14, 24, 5, 7, 4, 20, 3, 2, 15, 3, 9, 8, 10, 12, 5, 13, 8, 6, 21, 8, 20, 3, 4, 4, 8]
[2025-12-03 05:26:41] [ARCHITECTURE] Child ep8_child3 - Architecture built: 237,730 parameters, 14 conv layers, 0.91 MB
[2025-12-03 05:39:23] [REWARD] Child ep8_child3 - Training completed: Max Val Acc (last 5 epochs) = 0.7564, Reward = 0.432767
[2025-12-03 05:39:23] [INFO] 
[2025-12-03 05:39:23] [TRAINING] → Evaluating architecture 4/16
[2025-12-03 05:39:23] [INFO] DNA: [9, 14, 11, 8, 1, 4, 14, 3, 15, 15, 3, 6, 4, 4, 5, 2, 2, 13, 16, 12, 6, 6, 2, 1, 6, 8, 1, 16, 2, 6, 11, 14, 24, 5, 7, 4, 20, 3, 2, 15, 3, 9, 8, 10, 12, 5, 13, 8, 6, 21, 8, 20, 3, 4, 4, 8]
[2025-12-03 05:39:23] [ARCHITECTURE] Child ep8_child4 - Architecture built: 237,730 parameters, 14 conv layers, 0.91 MB
[2025-12-03 05:52:07] [REWARD] Child ep8_child4 - Training completed: Max Val Acc (last 5 epochs) = 0.7680, Reward = 0.452985
[2025-12-03 05:52:07] [INFO] 
[2025-12-03 05:52:07] [TRAINING] → Evaluating architecture 5/16
[2025-12-03 05:52:07] [INFO] DNA: [9, 14, 11, 8, 1, 4, 14, 3, 15, 15, 3, 6, 4, 4, 5, 2, 2, 13, 16, 12, 6, 6, 2, 1, 6, 8, 1, 16, 2, 6, 11, 14, 24, 5, 7, 4, 20, 3, 2, 15, 3, 9, 8, 10, 12, 5, 13, 8, 6, 21, 8, 20, 3, 4, 4, 8]
[2025-12-03 05:52:07] [ARCHITECTURE] Child ep8_child5 - Architecture built: 237,730 parameters, 14 conv layers, 0.91 MB
[2025-12-03 06:04:48] [REWARD] Child ep8_child5 - Training completed: Max Val Acc (last 5 epochs) = 0.7556, Reward = 0.431396
[2025-12-03 06:04:48] [INFO] 
[2025-12-03 06:04:48] [TRAINING] → Evaluating architecture 6/16
[2025-12-03 06:04:48] [INFO] DNA: [9, 14, 11, 8, 1, 4, 14, 3, 15, 15, 3, 6, 4, 4, 5, 2, 2, 13, 16, 12, 6, 6, 2, 1, 6, 8, 1, 16, 2, 6, 11, 14, 24, 5, 7, 4, 20, 3, 2, 15, 3, 9, 8, 10, 12, 5, 13, 8, 6, 21, 8, 20, 3, 4, 4, 8]
[2025-12-03 06:04:48] [ARCHITECTURE] Child ep8_child6 - Architecture built: 237,730 parameters, 14 conv layers, 0.91 MB
[2025-12-03 06:17:33] [REWARD] Child ep8_child6 - Training completed: Max Val Acc (last 5 epochs) = 0.8198, Reward = 0.550965
[2025-12-03 06:17:33] [INFO] 
[2025-12-03 06:17:33] [TRAINING] → Evaluating architecture 7/16
[2025-12-03 06:17:33] [INFO] DNA: [9, 14, 11, 8, 1, 4, 14, 3, 15, 15, 3, 6, 4, 4, 5, 2, 2, 13, 16, 12, 6, 6, 2, 1, 6, 8, 1, 16, 2, 6, 11, 14, 24, 5, 7, 4, 20, 3, 2, 15, 3, 9, 8, 10, 12, 5, 13, 8, 6, 21, 8, 20, 3, 4, 4, 8]
[2025-12-03 06:17:33] [ARCHITECTURE] Child ep8_child7 - Architecture built: 237,730 parameters, 14 conv layers, 0.91 MB
[2025-12-03 06:30:08] [REWARD] Child ep8_child7 - Training completed: Max Val Acc (last 5 epochs) = 0.7838, Reward = 0.481522
[2025-12-03 06:30:08] [INFO] 
[2025-12-03 06:30:08] [TRAINING] → Evaluating architecture 8/16
[2025-12-03 06:30:08] [INFO] DNA: [9, 14, 11, 8, 1, 4, 14, 3, 15, 15, 3, 6, 4, 4, 5, 2, 2, 13, 16, 12, 6, 6, 2, 1, 6, 8, 1, 16, 2, 6, 11, 14, 24, 5, 7, 4, 20, 3, 2, 15, 3, 9, 8, 10, 12, 5, 13, 8, 6, 21, 8, 20, 3, 4, 4, 8]
[2025-12-03 06:30:08] [ARCHITECTURE] Child ep8_child8 - Architecture built: 237,730 parameters, 14 conv layers, 0.91 MB
[2025-12-03 06:42:51] [REWARD] Child ep8_child8 - Training completed: Max Val Acc (last 5 epochs) = 0.8186, Reward = 0.548549
[2025-12-03 06:42:51] [INFO] 
[2025-12-03 06:42:51] [TRAINING] → Evaluating architecture 9/16
[2025-12-03 06:42:51] [INFO] DNA: [9, 14, 11, 8, 1, 4, 14, 3, 15, 15, 3, 6, 4, 4, 5, 2, 2, 13, 16, 12, 6, 6, 2, 1, 6, 8, 1, 16, 2, 6, 11, 14, 24, 5, 7, 4, 20, 3, 2, 15, 3, 9, 8, 10, 12, 5, 13, 8, 6, 21, 8, 20, 3, 4, 4, 8]
[2025-12-03 06:42:51] [ARCHITECTURE] Child ep8_child9 - Architecture built: 237,730 parameters, 14 conv layers, 0.91 MB
[2025-12-03 06:55:14] [REWARD] Child ep8_child9 - Training completed: Max Val Acc (last 5 epochs) = 0.7626, Reward = 0.443497
[2025-12-03 06:55:14] [INFO] 
[2025-12-03 06:55:14] [TRAINING] → Evaluating architecture 10/16
[2025-12-03 06:55:14] [INFO] DNA: [9, 14, 11, 8, 1, 4, 14, 3, 15, 15, 3, 6, 4, 4, 5, 2, 2, 13, 16, 12, 6, 6, 2, 1, 6, 8, 1, 16, 2, 6, 11, 14, 24, 5, 7, 4, 20, 3, 2, 15, 3, 9, 8, 10, 12, 5, 13, 8, 6, 21, 8, 20, 3, 4, 4, 8]
[2025-12-03 06:55:14] [ARCHITECTURE] Child ep8_child10 - Architecture built: 237,730 parameters, 14 conv layers, 0.91 MB
[2025-12-03 07:08:04] [REWARD] Child ep8_child10 - Training completed: Max Val Acc (last 5 epochs) = 0.7540, Reward = 0.428661
[2025-12-03 07:08:04] [INFO] 
[2025-12-03 07:08:04] [TRAINING] → Evaluating architecture 11/16
[2025-12-03 07:08:04] [INFO] DNA: [9, 14, 11, 8, 1, 4, 14, 3, 15, 15, 3, 6, 4, 4, 5, 2, 2, 13, 16, 12, 6, 6, 2, 1, 6, 8, 1, 16, 2, 6, 11, 14, 24, 5, 7, 4, 20, 3, 2, 15, 3, 9, 8, 10, 12, 5, 13, 8, 6, 21, 8, 20, 3, 4, 4, 8]
[2025-12-03 07:08:04] [ARCHITECTURE] Child ep8_child11 - Architecture built: 237,730 parameters, 14 conv layers, 0.91 MB
[2025-12-03 07:20:49] [REWARD] Child ep8_child11 - Training completed: Max Val Acc (last 5 epochs) = 0.7594, Reward = 0.437937
[2025-12-03 07:20:49] [INFO] 
[2025-12-03 07:20:49] [TRAINING] → Evaluating architecture 12/16
[2025-12-03 07:20:49] [INFO] DNA: [9, 14, 11, 8, 1, 4, 14, 3, 15, 15, 3, 6, 4, 4, 5, 2, 2, 13, 16, 12, 6, 6, 2, 1, 6, 8, 1, 16, 2, 6, 11, 14, 24, 5, 7, 4, 20, 3, 2, 15, 3, 9, 8, 10, 12, 5, 13, 8, 6, 21, 8, 20, 3, 4, 4, 8]
[2025-12-03 07:20:49] [ARCHITECTURE] Child ep8_child12 - Architecture built: 237,730 parameters, 14 conv layers, 0.91 MB
[2025-12-03 07:33:31] [REWARD] Child ep8_child12 - Training completed: Max Val Acc (last 5 epochs) = 0.7664, Reward = 0.450160
[2025-12-03 07:33:31] [INFO] 
[2025-12-03 07:33:31] [TRAINING] → Evaluating architecture 13/16
[2025-12-03 07:33:31] [INFO] DNA: [9, 14, 11, 8, 1, 4, 14, 3, 15, 15, 3, 6, 4, 4, 5, 2, 2, 13, 16, 12, 6, 6, 2, 1, 6, 8, 1, 16, 2, 6, 11, 14, 24, 5, 7, 4, 20, 3, 2, 15, 3, 9, 8, 10, 12, 5, 13, 8, 6, 21, 8, 20, 3, 4, 4, 8]
[2025-12-03 07:33:31] [ARCHITECTURE] Child ep8_child13 - Architecture built: 237,730 parameters, 14 conv layers, 0.91 MB
[2025-12-03 07:46:16] [REWARD] Child ep8_child13 - Training completed: Max Val Acc (last 5 epochs) = 0.8162, Reward = 0.543738
[2025-12-03 07:46:16] [INFO] 
[2025-12-03 07:46:16] [TRAINING] → Evaluating architecture 14/16
[2025-12-03 07:46:16] [INFO] DNA: [9, 14, 11, 8, 1, 4, 14, 3, 15, 15, 3, 6, 4, 4, 5, 2, 2, 13, 16, 12, 6, 6, 2, 1, 6, 8, 1, 16, 2, 6, 11, 14, 24, 5, 7, 4, 20, 3, 2, 15, 3, 9, 8, 10, 12, 5, 13, 8, 6, 21, 8, 20, 3, 4, 4, 8]
[2025-12-03 07:46:16] [ARCHITECTURE] Child ep8_child14 - Architecture built: 237,730 parameters, 14 conv layers, 0.91 MB
[2025-12-03 07:59:02] [REWARD] Child ep8_child14 - Training completed: Max Val Acc (last 5 epochs) = 0.7530, Reward = 0.426958
[2025-12-03 07:59:02] [INFO] 
[2025-12-03 07:59:02] [TRAINING] → Evaluating architecture 15/16
[2025-12-03 07:59:02] [INFO] DNA: [9, 14, 11, 8, 1, 4, 14, 3, 15, 15, 3, 6, 4, 4, 5, 2, 2, 13, 16, 12, 6, 6, 2, 1, 6, 8, 1, 16, 2, 6, 11, 14, 24, 5, 7, 4, 20, 3, 2, 15, 3, 9, 8, 10, 12, 5, 13, 8, 6, 21, 8, 20, 3, 4, 4, 8]
[2025-12-03 07:59:02] [ARCHITECTURE] Child ep8_child15 - Architecture built: 237,730 parameters, 14 conv layers, 0.91 MB
[2025-12-03 08:11:45] [REWARD] Child ep8_child15 - Training completed: Max Val Acc (last 5 epochs) = 0.8234, Reward = 0.558255
[2025-12-03 08:11:45] [INFO] 
[2025-12-03 08:11:45] [TRAINING] → Evaluating architecture 16/16
[2025-12-03 08:11:45] [INFO] DNA: [9, 14, 11, 8, 1, 4, 14, 3, 15, 15, 3, 6, 4, 4, 5, 2, 2, 13, 16, 12, 6, 6, 2, 1, 6, 8, 1, 16, 2, 6, 11, 14, 24, 5, 7, 4, 20, 3, 2, 15, 3, 9, 8, 10, 12, 5, 13, 8, 6, 21, 8, 20, 3, 4, 4, 8]
[2025-12-03 08:11:45] [ARCHITECTURE] Child ep8_child16 - Architecture built: 237,730 parameters, 14 conv layers, 0.91 MB
[2025-12-03 08:24:31] [REWARD] Child ep8_child16 - Training completed: Max Val Acc (last 5 epochs) = 0.7734, Reward = 0.462607
[2025-12-03 08:24:31] [INFO] 
[2025-12-03 08:24:31] [METRIC] ━━━ EPISODE 8 SUMMARY ━━━
[2025-12-03 08:24:31] [INFO]   • Mean reward: 0.4770 ± 0.0486
[2025-12-03 08:24:31] [INFO]   • Best child this episode: 0.5583
[2025-12-03 08:24:31] [INFO]   • Worst child this episode: 0.4270
[2025-12-03 08:24:31] [INFO]   • Baseline EMA: 0.4770
[2025-12-03 08:24:31] [INFO]   • Global best architecture: 0.6046
[2025-12-03 08:24:31] [INFO]   • Controller learning rate: 0.000600
[2025-12-03 08:24:31] [INFO]   • Mean advantage: 0.0000
[2025-12-03 08:24:31] [INFO] 
  Progress: 8/10 (80.0%)
[2025-12-03 08:24:31] [INFO] 
[2025-12-03 08:24:31] [SUCCESS] LAYER SCHEDULE: Increasing depth to 15 layers (after 128 architectures)
[2025-12-03 08:24:31] [INFO] 
[2025-12-03 08:24:31] [INFO] 
[2025-12-03 08:24:31] [STEP] ━━━ EPISODE 9/10 ━━━
[2025-12-03 08:24:31] [INFO] Current depth: 15 layers
[2025-12-03 08:24:31] [INFO] Generating and evaluating 16 architectures...
[2025-12-03 08:24:31] [INFO] 
[2025-12-03 08:24:31] [TRAINING] → Evaluating architecture 1/16
[2025-12-03 08:24:31] [INFO] DNA: [2, 28, 1, 1, 3, 14, 21, 5, 12, 7, 26, 1, 14, 6, 12, 8, 15, 10, 6, 8, 14, 18, 1, 3, 6, 17, 22, 18, 1, 6, 11, 1, 13, 17, 6, 11, 6, 14, 22, 11, 3, 9, 3, 1, 6, 5, 11, 1, 12, 8, 11, 1, 17, 2, 17, 3, 21, 7, 2, 8]
[2025-12-03 08:24:31] [ARCHITECTURE] Child ep9_child1 - Architecture built: 324,006 parameters, 15 conv layers, 1.24 MB
[2025-12-03 08:39:10] [REWARD] Child ep9_child1 - Training completed: Max Val Acc (last 5 epochs) = 0.7458, Reward = 0.414827
[2025-12-03 08:39:10] [INFO] 
[2025-12-03 08:39:10] [TRAINING] → Evaluating architecture 2/16
[2025-12-03 08:39:10] [INFO] DNA: [2, 28, 1, 1, 3, 14, 21, 5, 12, 7, 26, 1, 14, 6, 12, 8, 15, 10, 6, 8, 14, 18, 1, 3, 6, 17, 22, 18, 1, 6, 11, 1, 13, 17, 6, 11, 6, 14, 22, 11, 3, 9, 3, 1, 6, 5, 11, 1, 12, 8, 11, 1, 17, 2, 17, 3, 21, 7, 2, 8]
[2025-12-03 08:39:10] [ARCHITECTURE] Child ep9_child2 - Architecture built: 324,006 parameters, 15 conv layers, 1.24 MB
[2025-12-03 08:53:55] [REWARD] Child ep9_child2 - Training completed: Max Val Acc (last 5 epochs) = 0.7734, Reward = 0.462607
[2025-12-03 08:53:55] [INFO] 
[2025-12-03 08:53:55] [TRAINING] → Evaluating architecture 3/16
[2025-12-03 08:53:55] [INFO] DNA: [2, 28, 1, 1, 3, 14, 21, 5, 12, 7, 26, 1, 14, 6, 12, 8, 15, 10, 6, 8, 14, 18, 1, 3, 6, 17, 22, 18, 1, 6, 11, 1, 13, 17, 6, 11, 6, 14, 22, 11, 3, 9, 3, 1, 6, 5, 11, 1, 12, 8, 11, 1, 17, 2, 17, 3, 21, 7, 2, 8]
[2025-12-03 08:53:55] [ARCHITECTURE] Child ep9_child3 - Architecture built: 324,006 parameters, 15 conv layers, 1.24 MB
[2025-12-03 09:08:40] [REWARD] Child ep9_child3 - Training completed: Max Val Acc (last 5 epochs) = 0.7864, Reward = 0.486329
[2025-12-03 09:08:40] [INFO] 
[2025-12-03 09:08:40] [TRAINING] → Evaluating architecture 4/16
[2025-12-03 09:08:40] [INFO] DNA: [2, 28, 1, 1, 3, 14, 21, 5, 12, 7, 26, 1, 14, 6, 12, 8, 15, 10, 6, 8, 14, 18, 1, 3, 6, 17, 22, 18, 1, 6, 11, 1, 13, 17, 6, 11, 6, 14, 22, 11, 3, 9, 3, 1, 6, 5, 11, 1, 12, 8, 11, 1, 17, 2, 17, 3, 21, 7, 2, 8]
[2025-12-03 09:08:40] [ARCHITECTURE] Child ep9_child4 - Architecture built: 324,006 parameters, 15 conv layers, 1.24 MB
[2025-12-03 09:23:24] [REWARD] Child ep9_child4 - Training completed: Max Val Acc (last 5 epochs) = 0.7676, Reward = 0.452277
[2025-12-03 09:23:24] [INFO] 
[2025-12-03 09:23:24] [TRAINING] → Evaluating architecture 5/16
[2025-12-03 09:23:24] [INFO] DNA: [2, 28, 1, 1, 3, 14, 21, 5, 12, 7, 26, 1, 14, 6, 12, 8, 15, 10, 6, 8, 14, 18, 1, 3, 6, 17, 22, 18, 1, 6, 11, 1, 13, 17, 6, 11, 6, 14, 22, 11, 3, 9, 3, 1, 6, 5, 11, 1, 12, 8, 11, 1, 17, 2, 17, 3, 21, 7, 2, 8]
[2025-12-03 09:23:24] [ARCHITECTURE] Child ep9_child5 - Architecture built: 324,006 parameters, 15 conv layers, 1.24 MB
[2025-12-03 09:38:02] [REWARD] Child ep9_child5 - Training completed: Max Val Acc (last 5 epochs) = 0.8200, Reward = 0.551368
[2025-12-03 09:38:02] [INFO] 
[2025-12-03 09:38:02] [TRAINING] → Evaluating architecture 6/16
[2025-12-03 09:38:02] [INFO] DNA: [2, 28, 1, 1, 3, 14, 21, 5, 12, 7, 26, 1, 14, 6, 12, 8, 15, 10, 6, 8, 14, 18, 1, 3, 6, 17, 22, 18, 1, 6, 11, 1, 13, 17, 6, 11, 6, 14, 22, 11, 3, 9, 3, 1, 6, 5, 11, 1, 12, 8, 11, 1, 17, 2, 17, 3, 21, 7, 2, 8]
[2025-12-03 09:38:02] [ARCHITECTURE] Child ep9_child6 - Architecture built: 324,006 parameters, 15 conv layers, 1.24 MB
[2025-12-03 09:52:48] [REWARD] Child ep9_child6 - Training completed: Max Val Acc (last 5 epochs) = 0.7764, Reward = 0.468012
[2025-12-03 09:52:48] [INFO] 
[2025-12-03 09:52:48] [TRAINING] → Evaluating architecture 7/16
[2025-12-03 09:52:48] [INFO] DNA: [2, 28, 1, 1, 3, 14, 21, 5, 12, 7, 26, 1, 14, 6, 12, 8, 15, 10, 6, 8, 14, 18, 1, 3, 6, 17, 22, 18, 1, 6, 11, 1, 13, 17, 6, 11, 6, 14, 22, 11, 3, 9, 3, 1, 6, 5, 11, 1, 12, 8, 11, 1, 17, 2, 17, 3, 21, 7, 2, 8]
[2025-12-03 09:52:48] [ARCHITECTURE] Child ep9_child7 - Architecture built: 324,006 parameters, 15 conv layers, 1.24 MB
[2025-12-03 10:07:34] [REWARD] Child ep9_child7 - Training completed: Max Val Acc (last 5 epochs) = 0.7688, Reward = 0.454402
[2025-12-03 10:07:34] [INFO] 
[2025-12-03 10:07:34] [TRAINING] → Evaluating architecture 8/16
[2025-12-03 10:07:34] [INFO] DNA: [2, 28, 1, 1, 3, 14, 21, 5, 12, 7, 26, 1, 14, 6, 12, 8, 15, 10, 6, 8, 14, 18, 1, 3, 6, 17, 22, 18, 1, 6, 11, 1, 13, 17, 6, 11, 6, 14, 22, 11, 3, 9, 3, 1, 6, 5, 11, 1, 12, 8, 11, 1, 17, 2, 17, 3, 21, 7, 2, 8]
[2025-12-03 10:07:34] [ARCHITECTURE] Child ep9_child8 - Architecture built: 324,006 parameters, 15 conv layers, 1.24 MB
[2025-12-03 10:22:18] [REWARD] Child ep9_child8 - Training completed: Max Val Acc (last 5 epochs) = 0.7752, Reward = 0.465845
[2025-12-03 10:22:18] [INFO] 
[2025-12-03 10:22:18] [TRAINING] → Evaluating architecture 9/16
[2025-12-03 10:22:18] [INFO] DNA: [2, 28, 1, 1, 3, 14, 21, 5, 12, 7, 26, 1, 14, 6, 12, 8, 15, 10, 6, 8, 14, 18, 1, 3, 6, 17, 22, 18, 1, 6, 11, 1, 13, 17, 6, 11, 6, 14, 22, 11, 3, 9, 3, 1, 6, 5, 11, 1, 12, 8, 11, 1, 17, 2, 17, 3, 21, 7, 2, 8]
[2025-12-03 10:22:18] [ARCHITECTURE] Child ep9_child9 - Architecture built: 324,006 parameters, 15 conv layers, 1.24 MB
[2025-12-03 10:36:59] [REWARD] Child ep9_child9 - Training completed: Max Val Acc (last 5 epochs) = 0.7746, Reward = 0.464764
[2025-12-03 10:36:59] [INFO] 
[2025-12-03 10:36:59] [TRAINING] → Evaluating architecture 10/16
[2025-12-03 10:36:59] [INFO] DNA: [2, 28, 1, 1, 3, 14, 21, 5, 12, 7, 26, 1, 14, 6, 12, 8, 15, 10, 6, 8, 14, 18, 1, 3, 6, 17, 22, 18, 1, 6, 11, 1, 13, 17, 6, 11, 6, 14, 22, 11, 3, 9, 3, 1, 6, 5, 11, 1, 12, 8, 11, 1, 17, 2, 17, 3, 21, 7, 2, 8]
[2025-12-03 10:36:59] [ARCHITECTURE] Child ep9_child10 - Architecture built: 324,006 parameters, 15 conv layers, 1.24 MB
[2025-12-03 10:51:44] [REWARD] Child ep9_child10 - Training completed: Max Val Acc (last 5 epochs) = 0.7668, Reward = 0.450865
[2025-12-03 10:51:44] [INFO] 
[2025-12-03 10:51:44] [TRAINING] → Evaluating architecture 11/16
[2025-12-03 10:51:44] [INFO] DNA: [2, 28, 1, 1, 3, 14, 21, 5, 12, 7, 26, 1, 14, 6, 12, 8, 15, 10, 6, 8, 14, 18, 1, 3, 6, 17, 22, 18, 1, 6, 11, 1, 13, 17, 6, 11, 6, 14, 22, 11, 3, 9, 3, 1, 6, 5, 11, 1, 12, 8, 11, 1, 17, 2, 17, 3, 21, 7, 2, 8]
[2025-12-03 10:51:44] [ARCHITECTURE] Child ep9_child11 - Architecture built: 324,006 parameters, 15 conv layers, 1.24 MB
[2025-12-03 11:06:28] [REWARD] Child ep9_child11 - Training completed: Max Val Acc (last 5 epochs) = 0.7686, Reward = 0.454047
[2025-12-03 11:06:28] [INFO] 
[2025-12-03 11:06:28] [TRAINING] → Evaluating architecture 12/16
[2025-12-03 11:06:28] [INFO] DNA: [2, 28, 1, 1, 3, 14, 21, 5, 12, 7, 26, 1, 14, 6, 12, 8, 15, 10, 6, 8, 14, 18, 1, 3, 6, 17, 22, 18, 1, 6, 11, 1, 13, 17, 6, 11, 6, 14, 22, 11, 3, 9, 3, 1, 6, 5, 11, 1, 12, 8, 11, 1, 17, 2, 17, 3, 21, 7, 2, 8]
[2025-12-03 11:06:28] [ARCHITECTURE] Child ep9_child12 - Architecture built: 324,006 parameters, 15 conv layers, 1.24 MB
[2025-12-03 11:21:11] [REWARD] Child ep9_child12 - Training completed: Max Val Acc (last 5 epochs) = 0.8104, Reward = 0.532229
[2025-12-03 11:21:11] [INFO] 
[2025-12-03 11:21:11] [TRAINING] → Evaluating architecture 13/16
[2025-12-03 11:21:11] [INFO] DNA: [2, 28, 1, 1, 3, 14, 21, 5, 12, 7, 26, 1, 14, 6, 12, 8, 15, 10, 6, 8, 14, 18, 1, 3, 6, 17, 22, 18, 1, 6, 11, 1, 13, 17, 6, 11, 6, 14, 22, 11, 3, 9, 3, 1, 6, 5, 11, 1, 12, 8, 11, 1, 17, 2, 17, 3, 21, 7, 2, 8]
[2025-12-03 11:21:11] [ARCHITECTURE] Child ep9_child13 - Architecture built: 324,006 parameters, 15 conv layers, 1.24 MB
[2025-12-03 11:35:55] [REWARD] Child ep9_child13 - Training completed: Max Val Acc (last 5 epochs) = 0.7594, Reward = 0.437937
[2025-12-03 11:35:55] [INFO] 
[2025-12-03 11:35:55] [TRAINING] → Evaluating architecture 14/16
[2025-12-03 11:35:55] [INFO] DNA: [2, 28, 1, 1, 3, 14, 21, 5, 12, 7, 26, 1, 14, 6, 12, 8, 15, 10, 6, 8, 14, 18, 1, 3, 6, 17, 22, 18, 1, 6, 11, 1, 13, 17, 6, 11, 6, 14, 22, 11, 3, 9, 3, 1, 6, 5, 11, 1, 12, 8, 11, 1, 17, 2, 17, 3, 21, 7, 2, 8]
[2025-12-03 11:35:55] [ARCHITECTURE] Child ep9_child14 - Architecture built: 324,006 parameters, 15 conv layers, 1.24 MB
[2025-12-03 11:50:39] [REWARD] Child ep9_child14 - Training completed: Max Val Acc (last 5 epochs) = 0.7604, Reward = 0.439669
[2025-12-03 11:50:39] [INFO] 
[2025-12-03 11:50:39] [TRAINING] → Evaluating architecture 15/16
[2025-12-03 11:50:39] [INFO] DNA: [2, 28, 1, 1, 3, 14, 21, 5, 12, 7, 26, 1, 14, 6, 12, 8, 15, 10, 6, 8, 14, 18, 1, 3, 6, 17, 22, 18, 1, 6, 11, 1, 13, 17, 6, 11, 6, 14, 22, 11, 3, 9, 3, 1, 6, 5, 11, 1, 12, 8, 11, 1, 17, 2, 17, 3, 21, 7, 2, 8]
[2025-12-03 11:50:39] [ARCHITECTURE] Child ep9_child15 - Architecture built: 324,006 parameters, 15 conv layers, 1.24 MB
[2025-12-03 12:05:20] [REWARD] Child ep9_child15 - Training completed: Max Val Acc (last 5 epochs) = 0.8260, Reward = 0.563560
[2025-12-03 12:05:20] [INFO] 
[2025-12-03 12:05:20] [TRAINING] → Evaluating architecture 16/16
[2025-12-03 12:05:20] [INFO] DNA: [2, 28, 1, 1, 3, 14, 21, 5, 12, 7, 26, 1, 14, 6, 12, 8, 15, 10, 6, 8, 14, 18, 1, 3, 6, 17, 22, 18, 1, 6, 11, 1, 13, 17, 6, 11, 6, 14, 22, 11, 3, 9, 3, 1, 6, 5, 11, 1, 12, 8, 11, 1, 17, 2, 17, 3, 21, 7, 2, 8]
[2025-12-03 12:05:20] [ARCHITECTURE] Child ep9_child16 - Architecture built: 324,006 parameters, 15 conv layers, 1.24 MB
[2025-12-03 12:19:59] [REWARD] Child ep9_child16 - Training completed: Max Val Acc (last 5 epochs) = 0.8186, Reward = 0.548549
[2025-12-03 12:19:59] [INFO] 
[2025-12-03 12:19:59] [METRIC] ━━━ EPISODE 9 SUMMARY ━━━
[2025-12-03 12:19:59] [INFO]   • Mean reward: 0.4780 ± 0.0440
[2025-12-03 12:19:59] [INFO]   • Best child this episode: 0.5636
[2025-12-03 12:19:59] [INFO]   • Worst child this episode: 0.4148
[2025-12-03 12:19:59] [INFO]   • Baseline EMA: 0.4780
[2025-12-03 12:19:59] [INFO]   • Global best architecture: 0.6046
[2025-12-03 12:19:59] [INFO]   • Controller learning rate: 0.000600
[2025-12-03 12:19:59] [INFO]   • Mean advantage: -0.0000
[2025-12-03 12:19:59] [INFO] 
  Progress: 9/10 (90.0%)
[2025-12-03 12:19:59] [INFO] 
[2025-12-03 12:19:59] [SUCCESS] LAYER SCHEDULE: Increasing depth to 16 layers (after 144 architectures)
[2025-12-03 12:19:59] [INFO] 
[2025-12-03 12:19:59] [INFO] 
[2025-12-03 12:19:59] [STEP] ━━━ EPISODE 10/10 ━━━
[2025-12-03 12:19:59] [INFO] Current depth: 16 layers
[2025-12-03 12:19:59] [INFO] Generating and evaluating 16 architectures...
[2025-12-03 12:19:59] [INFO] 
[2025-12-03 12:19:59] [TRAINING] → Evaluating architecture 1/16
[2025-12-03 12:19:59] [INFO] DNA: [2, 2, 1, 4, 2, 3, 1, 11, 11, 7, 9, 1, 4, 3, 8, 4, 7, 8, 9, 7, 4, 1, 2, 12, 2, 1, 1, 8, 12, 5, 3, 7, 11, 4, 18, 7, 6, 12, 1, 10, 1, 1, 8, 1, 19, 22, 5, 1, 8, 8, 1, 1, 8, 1, 6, 9, 3, 1, 7, 2, 17, 6, 9, 10]
[2025-12-03 12:19:59] [ARCHITECTURE] Child ep10_child1 - Architecture built: 300,610 parameters, 16 conv layers, 1.15 MB
[2025-12-03 12:34:17] [REWARD] Child ep10_child1 - Training completed: Max Val Acc (last 5 epochs) = 0.8234, Reward = 0.558255
[2025-12-03 12:34:17] [INFO] 
[2025-12-03 12:34:17] [TRAINING] → Evaluating architecture 2/16
[2025-12-03 12:34:17] [INFO] DNA: [2, 2, 1, 4, 2, 3, 1, 11, 11, 7, 9, 1, 4, 3, 8, 4, 7, 8, 9, 7, 4, 1, 2, 12, 2, 1, 1, 8, 12, 5, 3, 7, 11, 4, 18, 7, 6, 12, 1, 10, 1, 1, 8, 1, 19, 22, 5, 1, 8, 8, 1, 1, 8, 1, 6, 9, 3, 1, 7, 2, 17, 6, 9, 10]
[2025-12-03 12:34:17] [ARCHITECTURE] Child ep10_child2 - Architecture built: 300,610 parameters, 16 conv layers, 1.15 MB
[2025-12-03 12:48:38] [REWARD] Child ep10_child2 - Training completed: Max Val Acc (last 5 epochs) = 0.7860, Reward = 0.485588
[2025-12-03 12:48:38] [INFO] 
[2025-12-03 12:48:38] [TRAINING] → Evaluating architecture 3/16
[2025-12-03 12:48:38] [INFO] DNA: [2, 2, 1, 4, 2, 3, 1, 11, 11, 7, 9, 1, 4, 3, 8, 4, 7, 8, 9, 7, 4, 1, 2, 12, 2, 1, 1, 8, 12, 5, 3, 7, 11, 4, 18, 7, 6, 12, 1, 10, 1, 1, 8, 1, 19, 22, 5, 1, 8, 8, 1, 1, 8, 1, 6, 9, 3, 1, 7, 2, 17, 6, 9, 10]
[2025-12-03 12:48:38] [ARCHITECTURE] Child ep10_child3 - Architecture built: 300,610 parameters, 16 conv layers, 1.15 MB
[2025-12-03 13:03:02] [REWARD] Child ep10_child3 - Training completed: Max Val Acc (last 5 epochs) = 0.7534, Reward = 0.427639
[2025-12-03 13:03:02] [INFO] 
[2025-12-03 13:03:02] [TRAINING] → Evaluating architecture 4/16
[2025-12-03 13:03:02] [INFO] DNA: [2, 2, 1, 4, 2, 3, 1, 11, 11, 7, 9, 1, 4, 3, 8, 4, 7, 8, 9, 7, 4, 1, 2, 12, 2, 1, 1, 8, 12, 5, 3, 7, 11, 4, 18, 7, 6, 12, 1, 10, 1, 1, 8, 1, 19, 22, 5, 1, 8, 8, 1, 1, 8, 1, 6, 9, 3, 1, 7, 2, 17, 6, 9, 10]
[2025-12-03 13:03:02] [ARCHITECTURE] Child ep10_child4 - Architecture built: 300,610 parameters, 16 conv layers, 1.15 MB
[2025-12-03 13:17:19] [REWARD] Child ep10_child4 - Training completed: Max Val Acc (last 5 epochs) = 0.8204, Reward = 0.552175
[2025-12-03 13:17:19] [INFO] 
[2025-12-03 13:17:19] [TRAINING] → Evaluating architecture 5/16
[2025-12-03 13:17:19] [INFO] DNA: [2, 2, 1, 4, 2, 3, 1, 11, 11, 7, 9, 1, 4, 3, 8, 4, 7, 8, 9, 7, 4, 1, 2, 12, 2, 1, 1, 8, 12, 5, 3, 7, 11, 4, 18, 7, 6, 12, 1, 10, 1, 1, 8, 1, 19, 22, 5, 1, 8, 8, 1, 1, 8, 1, 6, 9, 3, 1, 7, 2, 17, 6, 9, 10]
[2025-12-03 13:17:19] [ARCHITECTURE] Child ep10_child5 - Architecture built: 300,610 parameters, 16 conv layers, 1.15 MB
[2025-12-03 13:31:27] [REWARD] Child ep10_child5 - Training completed: Max Val Acc (last 5 epochs) = 0.7650, Reward = 0.447697
[2025-12-03 13:31:27] [INFO] 
[2025-12-03 13:31:27] [TRAINING] → Evaluating architecture 6/16
[2025-12-03 13:31:27] [INFO] DNA: [2, 2, 1, 4, 2, 3, 1, 11, 11, 7, 9, 1, 4, 3, 8, 4, 7, 8, 9, 7, 4, 1, 2, 12, 2, 1, 1, 8, 12, 5, 3, 7, 11, 4, 18, 7, 6, 12, 1, 10, 1, 1, 8, 1, 19, 22, 5, 1, 8, 8, 1, 1, 8, 1, 6, 9, 3, 1, 7, 2, 17, 6, 9, 10]
[2025-12-03 13:31:27] [ARCHITECTURE] Child ep10_child6 - Architecture built: 300,610 parameters, 16 conv layers, 1.15 MB
[2025-12-03 13:45:45] [REWARD] Child ep10_child6 - Training completed: Max Val Acc (last 5 epochs) = 0.8082, Reward = 0.527906
[2025-12-03 13:45:45] [INFO] 
[2025-12-03 13:45:45] [TRAINING] → Evaluating architecture 7/16
[2025-12-03 13:45:45] [INFO] DNA: [2, 2, 1, 4, 2, 3, 1, 11, 11, 7, 9, 1, 4, 3, 8, 4, 7, 8, 9, 7, 4, 1, 2, 12, 2, 1, 1, 8, 12, 5, 3, 7, 11, 4, 18, 7, 6, 12, 1, 10, 1, 1, 8, 1, 19, 22, 5, 1, 8, 8, 1, 1, 8, 1, 6, 9, 3, 1, 7, 2, 17, 6, 9, 10]
[2025-12-03 13:45:45] [ARCHITECTURE] Child ep10_child7 - Architecture built: 300,610 parameters, 16 conv layers, 1.15 MB
[2025-12-03 14:00:10] [REWARD] Child ep10_child7 - Training completed: Max Val Acc (last 5 epochs) = 0.7444, Reward = 0.412495
[2025-12-03 14:00:10] [INFO] 
[2025-12-03 14:00:10] [TRAINING] → Evaluating architecture 8/16
[2025-12-03 14:00:10] [INFO] DNA: [2, 2, 1, 4, 2, 3, 1, 11, 11, 7, 9, 1, 4, 3, 8, 4, 7, 8, 9, 7, 4, 1, 2, 12, 2, 1, 1, 8, 12, 5, 3, 7, 11, 4, 18, 7, 6, 12, 1, 10, 1, 1, 8, 1, 19, 22, 5, 1, 8, 8, 1, 1, 8, 1, 6, 9, 3, 1, 7, 2, 17, 6, 9, 10]
[2025-12-03 14:00:10] [ARCHITECTURE] Child ep10_child8 - Architecture built: 300,610 parameters, 16 conv layers, 1.15 MB
[2025-12-03 14:14:32] [REWARD] Child ep10_child8 - Training completed: Max Val Acc (last 5 epochs) = 0.8188, Reward = 0.548951
[2025-12-03 14:14:32] [INFO] 
[2025-12-03 14:14:32] [TRAINING] → Evaluating architecture 9/16
[2025-12-03 14:14:32] [INFO] DNA: [2, 2, 1, 4, 2, 3, 1, 11, 11, 7, 9, 1, 4, 3, 8, 4, 7, 8, 9, 7, 4, 1, 2, 12, 2, 1, 1, 8, 12, 5, 3, 7, 11, 4, 18, 7, 6, 12, 1, 10, 1, 1, 8, 1, 19, 22, 5, 1, 8, 8, 1, 1, 8, 1, 6, 9, 3, 1, 7, 2, 17, 6, 9, 10]
[2025-12-03 14:14:32] [ARCHITECTURE] Child ep10_child9 - Architecture built: 300,610 parameters, 16 conv layers, 1.15 MB
[2025-12-03 14:28:58] [REWARD] Child ep10_child9 - Training completed: Max Val Acc (last 5 epochs) = 0.8218, Reward = 0.555007
[2025-12-03 14:28:58] [INFO] 
[2025-12-03 14:28:58] [TRAINING] → Evaluating architecture 10/16
[2025-12-03 14:28:58] [INFO] DNA: [2, 2, 1, 4, 2, 3, 1, 11, 11, 7, 9, 1, 4, 3, 8, 4, 7, 8, 9, 7, 4, 1, 2, 12, 2, 1, 1, 8, 12, 5, 3, 7, 11, 4, 18, 7, 6, 12, 1, 10, 1, 1, 8, 1, 19, 22, 5, 1, 8, 8, 1, 1, 8, 1, 6, 9, 3, 1, 7, 2, 17, 6, 9, 10]
[2025-12-03 14:28:58] [ARCHITECTURE] Child ep10_child10 - Architecture built: 300,610 parameters, 16 conv layers, 1.15 MB
[2025-12-03 14:43:18] [REWARD] Child ep10_child10 - Training completed: Max Val Acc (last 5 epochs) = 0.8174, Reward = 0.546140
[2025-12-03 14:43:18] [INFO] 
[2025-12-03 14:43:18] [TRAINING] → Evaluating architecture 11/16
[2025-12-03 14:43:18] [INFO] DNA: [2, 2, 1, 4, 2, 3, 1, 11, 11, 7, 9, 1, 4, 3, 8, 4, 7, 8, 9, 7, 4, 1, 2, 12, 2, 1, 1, 8, 12, 5, 3, 7, 11, 4, 18, 7, 6, 12, 1, 10, 1, 1, 8, 1, 19, 22, 5, 1, 8, 8, 1, 1, 8, 1, 6, 9, 3, 1, 7, 2, 17, 6, 9, 10]
[2025-12-03 14:43:18] [ARCHITECTURE] Child ep10_child11 - Architecture built: 300,610 parameters, 16 conv layers, 1.15 MB
[2025-12-03 14:57:37] [REWARD] Child ep10_child11 - Training completed: Max Val Acc (last 5 epochs) = 0.7616, Reward = 0.441754
[2025-12-03 14:57:37] [INFO] 
[2025-12-03 14:57:37] [TRAINING] → Evaluating architecture 12/16
[2025-12-03 14:57:37] [INFO] DNA: [2, 2, 1, 4, 2, 3, 1, 11, 11, 7, 9, 1, 4, 3, 8, 4, 7, 8, 9, 7, 4, 1, 2, 12, 2, 1, 1, 8, 12, 5, 3, 7, 11, 4, 18, 7, 6, 12, 1, 10, 1, 1, 8, 1, 19, 22, 5, 1, 8, 8, 1, 1, 8, 1, 6, 9, 3, 1, 7, 2, 17, 6, 9, 10]
[2025-12-03 14:57:37] [ARCHITECTURE] Child ep10_child12 - Architecture built: 300,610 parameters, 16 conv layers, 1.15 MB
[2025-12-03 15:11:46] [REWARD] Child ep10_child12 - Training completed: Max Val Acc (last 5 epochs) = 0.7566, Reward = 0.433111
[2025-12-03 15:11:46] [INFO] 
[2025-12-03 15:11:46] [TRAINING] → Evaluating architecture 13/16
[2025-12-03 15:11:46] [INFO] DNA: [2, 2, 1, 4, 2, 3, 1, 11, 11, 7, 9, 1, 4, 3, 8, 4, 7, 8, 9, 7, 4, 1, 2, 12, 2, 1, 1, 8, 12, 5, 3, 7, 11, 4, 18, 7, 6, 12, 1, 10, 1, 1, 8, 1, 19, 22, 5, 1, 8, 8, 1, 1, 8, 1, 6, 9, 3, 1, 7, 2, 17, 6, 9, 10]
[2025-12-03 15:11:46] [ARCHITECTURE] Child ep10_child13 - Architecture built: 300,610 parameters, 16 conv layers, 1.15 MB
[2025-12-03 15:25:57] [REWARD] Child ep10_child13 - Training completed: Max Val Acc (last 5 epochs) = 0.7544, Reward = 0.429344
[2025-12-03 15:25:57] [INFO] 
[2025-12-03 15:25:57] [TRAINING] → Evaluating architecture 14/16
[2025-12-03 15:25:57] [INFO] DNA: [2, 2, 1, 4, 2, 3, 1, 11, 11, 7, 9, 1, 4, 3, 8, 4, 7, 8, 9, 7, 4, 1, 2, 12, 2, 1, 1, 8, 12, 5, 3, 7, 11, 4, 18, 7, 6, 12, 1, 10, 1, 1, 8, 1, 19, 22, 5, 1, 8, 8, 1, 1, 8, 1, 6, 9, 3, 1, 7, 2, 17, 6, 9, 10]
[2025-12-03 15:25:57] [ARCHITECTURE] Child ep10_child14 - Architecture built: 300,610 parameters, 16 conv layers, 1.15 MB
[2025-12-03 15:40:12] [REWARD] Child ep10_child14 - Training completed: Max Val Acc (last 5 epochs) = 0.7986, Reward = 0.509317
[2025-12-03 15:40:12] [INFO] 
[2025-12-03 15:40:12] [TRAINING] → Evaluating architecture 15/16
[2025-12-03 15:40:12] [INFO] DNA: [2, 2, 1, 4, 2, 3, 1, 11, 11, 7, 9, 1, 4, 3, 8, 4, 7, 8, 9, 7, 4, 1, 2, 12, 2, 1, 1, 8, 12, 5, 3, 7, 11, 4, 18, 7, 6, 12, 1, 10, 1, 1, 8, 1, 19, 22, 5, 1, 8, 8, 1, 1, 8, 1, 6, 9, 3, 1, 7, 2, 17, 6, 9, 10]
[2025-12-03 15:40:12] [ARCHITECTURE] Child ep10_child15 - Architecture built: 300,610 parameters, 16 conv layers, 1.15 MB
[2025-12-03 15:54:25] [REWARD] Child ep10_child15 - Training completed: Max Val Acc (last 5 epochs) = 0.7562, Reward = 0.432424
[2025-12-03 15:54:25] [INFO] 
[2025-12-03 15:54:25] [TRAINING] → Evaluating architecture 16/16
[2025-12-03 15:54:25] [INFO] DNA: [2, 2, 1, 4, 2, 3, 1, 11, 11, 7, 9, 1, 4, 3, 8, 4, 7, 8, 9, 7, 4, 1, 2, 12, 2, 1, 1, 8, 12, 5, 3, 7, 11, 4, 18, 7, 6, 12, 1, 10, 1, 1, 8, 1, 19, 22, 5, 1, 8, 8, 1, 1, 8, 1, 6, 9, 3, 1, 7, 2, 17, 6, 9, 10]
[2025-12-03 15:54:25] [ARCHITECTURE] Child ep10_child16 - Architecture built: 300,610 parameters, 16 conv layers, 1.15 MB
[2025-12-03 16:08:43] [REWARD] Child ep10_child16 - Training completed: Max Val Acc (last 5 epochs) = 0.8162, Reward = 0.543738
[2025-12-03 16:08:43] [INFO] 
[2025-12-03 16:08:43] [METRIC] ━━━ EPISODE 10 SUMMARY ━━━
[2025-12-03 16:08:43] [INFO]   • Mean reward: 0.4907 ± 0.0550
[2025-12-03 16:08:43] [INFO]   • Best child this episode: 0.5583
[2025-12-03 16:08:43] [INFO]   • Worst child this episode: 0.4125
[2025-12-03 16:08:43] [INFO]   • Baseline EMA: 0.4907
[2025-12-03 16:08:43] [INFO]   • Global best architecture: 0.6046
[2025-12-03 16:08:43] [INFO]   • Controller learning rate: 0.000600
[2025-12-03 16:08:43] [INFO]   • Mean advantage: -0.0000
[2025-12-03 16:08:43] [INFO] 
  Progress: 10/10 (100.0%)
[2025-12-03 16:08:43] [INFO] 
[2025-12-03 16:08:43] [STEP] Saving checkpoint for episode 10...
[2025-12-03 16:08:43] [SUCCESS] Checkpoint saved successfully: checkpoints\nas_demo\nas_episode_10.pth
[2025-12-03 16:08:43] [INFO] 
[2025-12-03 16:08:43] [SUCCESS] ======================================================================
[2025-12-03 16:08:43] [SUCCESS] NEURAL ARCHITECTURE SEARCH COMPLETED
[2025-12-03 16:08:43] [SUCCESS] ======================================================================
[2025-12-03 16:08:43] [INFO] 
[2025-12-03 16:08:43] [METRIC] FINAL RESULTS:
[2025-12-03 16:08:43] [INFO]   • Best reward (Val Acc): 0.6046
[2025-12-03 16:08:43] [INFO]   • Total episodes: 10
[2025-12-03 16:08:43] [INFO]   • Total architectures evaluated: 160
[2025-12-03 16:08:43] [INFO]   • Mean reward (last 10): 0.4800
[2025-12-03 16:08:43] [INFO]   • Mean reward (overall): 0.4800
[2025-12-03 16:08:43] [INFO] 
[2025-12-03 16:08:43] [SUCCESS] BEST ARCHITECTURE FOUND:
[2025-12-03 16:08:43] [INFO] DNA Architecture:
--------------------------------------------------
Layer 1: K=1x1, F=2, S=11, P=1x1
Layer 2: K=1x1, F=4, S=8, P=1x1
Layer 3: K=10x10, F=2, S=2, P=8x8
Layer 4: K=2x2, F=13, S=13, P=5x5
Layer 5: K=15x15, F=4, S=2, P=11x11
Layer 6: K=24x24, F=10, S=7, P=22x22
Layer 7: K=7x7, F=13, S=4, P=25x25
Layer 8: K=4x4, F=1, S=3, P=17x17
Layer 9: K=8x8, F=10, S=11, P=17x17
Layer 10: K=11x11, F=5, S=9, P=6x6
Layer 11: K=19x19, F=1, S=4, P=5x5
Layer 12: K=17x17, F=2, S=3, P=2x2
Layer 13: K=18x18, F=12, S=16, P=11x11
[2025-12-03 16:08:43] [SUCCESS] ======================================================================
[2025-12-03 16:08:43] [SUCCESS] Checkpoint saved successfully: checkpoints\nas_demo\nas_final.pth
